Casey,1c24333ca1c6792a65d6e5b1e0b7fbee330dbfd935cfebdcb7fdd332182169e5,4709372097,null
Riley,a70a59b3981af385be12b293222f27848fbbb0387d05504b02c7f2012d02e67f,4993035636,null
Jessie,1a8d9de9490302d2d234f9c92bc2c854910ebf70c5eae016b86f03427fef03b7,9094289517,null
Jackie,730551f5bad4af0604f661e7f8b82e6a6c364ca19ce140166333d86cdc814ca6,6973610570,null
Avery,4ea5ee68fea05586106890ded5733820bb77d919cda27bc4b8139b7cd33b8889,5926096346,null
Jaime,3be7a505483c0050243c5cbad4700da13925aa4137a55e9e33efd8bc4d05850f,8430215906,null
Peyton,1f296a30cd39c840ae77512edbcf1ba21cddccc2ec4598b1a1273de52aadda37,2479495021,null
Kerry,34550715062af006ac4fab288de67ecb44793c3a05c475227241535f6ef7a81b,5586434003,null
Jody,94c41436f038313595af6897442afcc442ebec2c31803cb8fb88765258a52f85,6696953053,null
Kendall,f6fc84c9f21c24907d6bee6eec38cabab5fa9a7be8c4a7827fe9e56f245bd2d5,2412697478,null
Payton,efaaeaef9944477b228400456ec2952311ee23d548bc649fbbfac6c97ce9d956,4068060511,null
Skyler,a5b810a3190a39033de4d82052fdf6f4c9765516d6b7eeb0c496adf8a3d3efc9,6453633338,null
Frankie,0033728f0fbc83a0f0226d91bb063540d6d0158c0bbfa1620ae5b95b10f82932,7596403608,null
Pat,e8f56862d74ef5599af4eeca73924bfa44a6773a497af0c29c48e18729ba6ff0,4232611711,null
Quinn,622a494d3ea8c7ba2fed4f37909f14d9b50ab412322de39be62c8d6c2418bfca,2928672657,null
Harley,80d41c54a8ce6d26ae0bdd509db6b187140cae39b4b771269a0d006b0620e2d2,5276735755,null
Reese,54e71340c86515e247936b1ef45f6abb1cb7f1fc1bec859c4ef789cd00aae56e,9839878085,null
Robbie,30a989afc82c0a21139573591de4e5ff37994f7d1506a9acf2b5997005c2649f,5122107245,null
Tommie,b7395530e4ed55cb6a5376ee8481f603d18679ce4c53b87b1146a9edc11fce1e,6004582549,null
Justice,510133fe029f3f0771ce22793daed8de767e92fbabc5ebdd004a48105fff3fe2,5481659208,null
Kris,d808cfd66215b9ca25d0d02778e1931c7055e2a21bde4a695b9df4ab522ff3cf,9131428829,null
Carey,8c5c04391361cbf4afd74c5ed8101ea4af881c4ee3b3df1d5b3716a19b1a834d,2903781027,null
Emerson,23ddda4810068cc44360dffd31b6c5a9ad13fb9e6a69c9354a5d1b07f1b9843f,5564897852,null
Blair,80d71140f751394c4712bf46d6b65abfa0184a35553dc2cb1b41546fbe2afa1a,3276735266,null
Amari,2bb80d537b1da3e38bd30361aa855686bde0eacd7162fef6a25fe97bf527a25b,7123832396,null
Elisha,2558a34d4d20964ca1d272ab26ccce9511d880579593cd4c9e01ab91ed00f325,4178146005,null
Sage,a78ae4b4d2e8c1e7b6ef20f163cc194f5979d7db1a9b4b9806bffc5ee959b130,6771274450,null
Emery,76b1ee582dbd709cf8e9e34f2f00c6552564e3b7845931a1ac951e961dd3c07f,1353344760,null
Stevie,4221a0fc3dfbfd830dc3a13f6c72d233781179bea27df532ff903f3abdba5586,5640093002,null
Rowan,195f33b50fa62ef2bd3d89227ecc1219419e3b907579718541f22cd1b1f1f5e4,9916642873,null
Ollie,8417659f46b5b43b2bb9396f794ab19728546f699babdb914d97bc5adcb9f528,8188481659,null
Shea,38c0b73caba85f5f55e8ec66fcb38ce79377ceacd97abfce7461f381fe2c6da5,2863578319,null
Jaylin,d16f06fe255d801e0639b8d749b815ea9e788af7b9ceba2b773c1dbc8f080442,7811847595,null
Phoenix,e4ad93ca07acb8d908a3aa41e920ea4f4ef4f26e7f86cf8291c5db289780a5ae,2073692633,null
Charley,7130df43355ec25b38bac55351d4bdf2c965da2847b8824b5e7760adb7ef7cd1,9437494963,null
Armani,1a8d9de9490302d2d234f9c92bc2c854910ebf70c5eae016b86f03427fef03b7,3318870050,null
Devyn,ee2ee2af90c0fa7372eee418556cd0d6a777dc17355932a8cf6ee24dc42d5d20,7032290794,null
Ivory,c2eb7898bb6771503ffee5d0c722e5b561fe480edbc30141880a1cdf1e5b1cf6,6287596089,null
Kendal,2a8610aefdd0028c6bf074dd18721c0ef8bc43241cc7a653d7aedf2036bdf6b3,8726782592,null
Baby,ca52e7d1c18961a8c5b3947a54e48fbf4ee70b66ea413cf7814f1c962631fd58,5488093775,null
Mckinley,ab73d590e57e04c18fbe4c85a0983028927e8ba7b4cf74b0d076c52e979d4ef2,4133508756,null
Finley,73ecb4b9d82c620a68d517119881d21eaaf808307da44ea47836893e551f9d51,4015388739,null
Milan,06b9a6eacd7a77b9361123fd19776455eb16b9c83426a1abbf514a414792b73f,4608700006,null
Tory,f7237929cde295ea08104ba164db86c314c26eaefbb3f5018b98325dfd14e73a,5103702532,null
Shay,708e4b2a324e91922e63e65f519c6d206b0e9053654c853c65b45d09faa88368,5391308504,null
Shiloh,2a8610aefdd0028c6bf074dd18721c0ef8bc43241cc7a653d7aedf2036bdf6b3,2805220821,null
Lavern,26a05370613ccf56c10ddc2439e319dc808aa9cd14ea8e1b64bde0fc602d3c9d,5394967122,null
Sky,ef94d492bb48fd3193d3baf6b86f5950f8040254f2dda7088ff42570584b02c3,9398786556,null
Reilly,cdf30c6b345276278bedc7bcedd9d5582f5b8e0c1dd858f46ef4ea231f92731d,2299419066,null
Leighton,619bf74a84a52a1cb50a025654076dceb92a911c8929d8a9aec158c35ae359db,5425967614,null
Santana,a01edad91c00abe7be5b72b5e36bf4ce3c6f26e8bce3340eba365642813ab8b6,9101100995,null
Arden,9113b98df80f877c7a2ee5d865a04c9514b4e9bf25a49d315b0b15f115d2f0d2,8773526979,null
Campbell,10fe82adb964fa73c3c60be251181c421193f56ae01ba671974d82365a08a410,2316985598,null
Channing,99bde068af2d49ed7fc8b8fa79abe13a6059e0db320bb73459fd96624bb4b33f,8494127394,null
Kamari,d2d02ea74de2c9fab1d802db969c18d409a8663a9697977bb1c98ccdd9de4372,4948777079,null
Alva,b474a99a2705e23cf905a484ec6d14ef58b56bbe62e9292783466ec363b5072d,6788839042,null
Clair,e81dfe69841ad2f7b5790b63e998f0febaf3b29acd732881975130761b98e2c7,4302882235,null
Lavon,1718c24b10aeb8099e3fc44960ab6949ab76a267352459f203ea1036bec382c2,4275009536,null
Kenyatta,cf407fe3eab1561eb2b4a360d21248f4b24bd33770eceb59b11d9e5469bfbfbb,4850579552,null
Britt,b4ef49fb50c0c07d21028202d3e6cd74ee18ea84dbee07dddd29e8cec99f1d61,4926845591,null
Vernell,e08d706b3e4ce964b632746cf568913cb93f1ed36476fbb0494b80ed17c5975c,3303213973,null
Michal,d931a74fe3bb28deee7f370e404c97740113e325b75c41335fe7798fbbbb67cc,3520827640,null
Austyn,c64975ba3cf3f9cd58459710b0a42369f34b0759c9967fb5a47eea488e8bea79,9520027718,null
Rian,aa866f38a639692f90aa5396faf5e50012af2edd49b01b513d6ac1de3e697022,3785823720,null
Dominque,56fe43f748e258de06b4955e2b8978bbc1c28ff9ba53917387d6dca8fb920018,2346363141,null
Remy,d3e9c03d2bd118d0ddcb91594734a0b46d556d9e562c6fee2d9d68e29cd31153,9589042754,null
Jammie,2558a34d4d20964ca1d272ab26ccce9511d880579593cd4c9e01ab91ed00f325,7829248969,null
Ricki,44c59909f17c296d6f2ec4a53efac3a951add75aa67616d9c5d9d2f5fbb44f04,4708040951,null
Jordin,aa97302150fce811425cd84537028a5afbe37e3f1362ad45a51d467e17afdc9c,1223743658,null
Trinidad,6085fee2997a53fe15f195d907590238ec1f717adf6ac7fd4d7ed137f91892aa,7483930357,null
Ryley,3be7a505483c0050243c5cbad4700da13925aa4137a55e9e33efd8bc4d05850f,2368549121,null
Carrol,0a2946b1359c3fc3c48f0f21f1c006863d6debc9ca385a64a4121b97974c5764,8452136730,null
Landry,dd56de4137951d9c92681b03416ec15f886b4482a27e3a517d32f085244cbe5d,5880111148,null
Lorin,fa2115f8d576a6ab722956697fc759c31d1cd6b93c8336bfebf73ed5cba2ff49,5466139492,null
Yael,a58e03220bf0a56686e193d23b60914a4b904184624a00a5608836d0400cd753,5441417477,null
Codi,934a11e602682e862b4b4d1f881ae8da1e097e3f6964bd780e5bb1fb798a6fdd,7818230642,null
Sloan,873ac9ffea4dd04fa719e8920cd6938f0c23cd678af330939cff53c3d2855f34,9574118085,null
Jael,6e00cd562cc2d88e238dfb81d9439de7ec843ee9d0c9879d549cb1436786f975,3096193103,null
Kodi,28f0116ef42bf718324946f13d787a1d41274a08335d52ee833d5b577f02a32a,8650777214,null
Azariah,2780b8eef998d6eaca5dbfe00e4043e626c79bc214195e1848af17a85d51519c,1702437249,null
Dakotah,0522a55e2d5f0993a3d66d28864b2862a7218a75ea7968b075333434404485c3,2787334012,null
Lorenza,a8618937133ce1a3c3dc28f9cd7e1e7fb3dee4d57ccc708c721a1952465f5d7f,3179306322,null
Artie,f6952d6eef555ddd87aca66e56b91530222d6e318414816f3ba7cf5bf694bf0f,1742351085,null
Maxie,3be7a505483c0050243c5cbad4700da13925aa4137a55e9e33efd8bc4d05850f,9949924321,null
Torey,9af15b336e6a9619928537df30b2e6a2376569fcf9d7e773eccede65606529a0,2732031479,null
Tai,a6e13bc9170fd9daf042c9358435394f00d78518c2c39488969d64494fd1bbf6,8667644232,null
Kalani,20f3765880a5c269b747e1e906054a4b4a3a991259f1e16b5dde4742cec2319a,7723578207,null
Codie,fda6cf2f920f4e1e9256f7019aad6debe21ef1337314fa8f0d6a3eb8f4aef494,4843499143,null
Storm,f916a6b54fccf4fbdce5e09cbd30bf7070c3c249f808395009cd0870dfbe80c5,4168841543,null
Jaedyn,346793476af7c0a55cfa62abc42b77c3fd87086b08fe6fdd628bfdda4e1d7cab,2115063201,null
Merritt,f9568a5a93fdd6f245549c6dd9e7f6e5e3592867b5504a15638652ba495d8713,6549521466,null
Allyn,66683ceffae995e70a4970e5123b319edb189689203d96b8181b4b035ee4f6bc,3819725871,null
Jourdan,a8698d96861f332be3627b5461c3d4ac120295ae33c8e26b9c0db82afa657084,8714582373,null
Yuri,8266498d969081c29737b8daeb5b51d60e56d008fff243a39d16c3032d42f6cf,2884607826,null
Ellery,2692d41ba9f29ac9dc12495c3caffa47b71d5d2f8c5fd899c884a6de67922e2c,1867362243,null
Oakley,15e2b0d3c33891ebb0f1ef609ec419420c20e320ce94c65fbc8c3312448eb225,8835242552,null
Gentry,4404f5b7a8836863b4bf63b9958024b6fc9074f0f0480ed8115e4168760e505e,7581937888,null
Ellison,abc529a4b673cbbbc532e584706cb8137be876ad53269df3b97fbd40fc76fe57,7989605973,null
Arin,714b74b9fd79bf335839a273ce69ae2e28f7ab92dda4dd803f713f80d712f0ab,4180539946,null
Sol,e388075da4fa4e95da9b56166145f9685d1e4b08efc7bd5e493daa2f671b49cc,9473244249,null
Carrington,b9a365c4d2675d5fd8ec77672a2bc29474184c3805b550b987b630c83c200c9c,7105727015,null
Dell,8d3e0bf685d077784de23e1c217de5c5d8da4c0200d7c86df6ff607d9cbc6959,5999467711,null
Carlin,5aa7ae42bb3078ad03a392a9bfb9cfecec614c64c2ca83da298ede69430e574d,2880360634,null
Lennie,8a9bcf1e51e812d0af8465a8dbcc9f741064bf0af3b3d08e6b0246437c19f7fb,2965616487,null
Dru,80537d65d479a2f986a78e859cc2bcaaf6a62f6df7a6ba2c5dd192cfcb2ff790,7762886197,null
Alpha,ab80177c2fa8dfa42997fecef5373fc82ca987f9640e7dcbb572ffe11737c796,8167042595,null
Kiran,44c59909f17c296d6f2ec4a53efac3a951add75aa67616d9c5d9d2f5fbb44f04,1829656203,null
Tristyn,9499e6aeffb2f5998ccd48fd550a2a74254575187d72e5fa0e8707edaa115de2,6600507494,null
Camdyn,04e9418eeb500e3b1f4e12e5fc930d7f2833c2b0cfc5e1cc9d900729effa0744,5862917923,null
Krishna,f86aa868c3b4d5a01c4f14f5ef0656241d43d863239e15ef64cc9198f0a8c6d0,2242372053,null
Demetrice,796e43a5a8cdb73b92b5f59eb50610cea3efa8ce229cd7f0557983091b2b4552,6068509398,null
Berkley,044f4b3501cd8e8131d40c057893f4fdff66bf4032ecae159e0c892a28cf6c8e,5057500562,null
Linden,a84571394b5e99fe70aae39ece25f844acbaf83479e27f39a30732e092b19677,4764290470,null
Mikah,ac13a8b534df4a28d0fbbbb64cff909b5b1e8faddb4e5ea57bb8a642ce998f66,8914029401,null
Parris,1934d8bfaed57f11f8af9175540fce4b2ff0492e6b258e73ae2f16bc8c339d4c,6639697878,null
Kalin,686f746a95b6f836d7d70567c302c3f9ebb5ee0def3d1220ee9d4e9f34f5e131,7433860018,null
Kary,1a8d9de9490302d2d234f9c92bc2c854910ebf70c5eae016b86f03427fef03b7,2751563731,null
Arie,4f9f10b304cfe9b2b11fcb1387f694e18f08ea358c7e9f567434d3ad6cbd7fc4,3187278782,null
Aries,e3e93b60bd722ced25a041f65afd4e396e2bafe57e0c3de0c8b6b0aa8b054506,5804591546,null
Rio,eee9e0172bbf5a80265c631143abb58c37f3cb91f91a099ce70246045e818328,4236917305,null
Sutton,1f296a30cd39c840ae77512edbcf1ba21cddccc2ec4598b1a1273de52aadda37,6714018051,null
Rhyan,73ecb4b9d82c620a68d517119881d21eaaf808307da44ea47836893e551f9d51,5720614837,null
Isa,9f0c989dd3e4c7a6ef5512d6347a9af24b95ee886e9874edbebf2055166c5ed6,9033868439,null
Arlyn,72ab994fa2eb426c051ef59cad617750bfe06d7cf6311285ff79c19c32afd236,6151407723,null
Karsen,e8f56862d74ef5599af4eeca73924bfa44a6773a497af0c29c48e18729ba6ff0,3951974004,null
Seneca,5600715f42bf51c40dc330d750cd996f58fead4ddea56466ce7498d17801b3a5,2815794757,null
Callan,fdb7d5c701a3b4a9981e98fd486d22b51b51f2e91605540e57081d440573c009,4399509666,null
Garnett,e0bc60c82713f64ef8a57c0c40d02ce24fd0141d5cc3086259c19b1e62a62bea,1845243350,null
Micaiah,08775183b0ecf9d8b7e7911521679e9afb0b287508a2d116f2cc7c77fbc45088,9259199816,null
Christan,85f5e10431f69bc2a14046a13aabaefc660103b6de7a84f75c4b96181d03f0b5,7605567852,null
Aris,a941a4c4fd0c01cddef61b8be963bf4c1e2b0811c037ce3f1835fddf6ef6c223,9878137419,null
Tylar,bc12b8f31ccdb4f7e89f96e080a823c23bccc8f2969cfeaa5667b64cc1dd8a76,9134570521,null
Brighton,afffe7625f4a57162381b7ee4488cfbc48e8c26126d46cdbd18a20ea36398994,4248469438,null
Merlyn,a78f19952edd18bf02b3c9eb704b088e2120941d6acb22f6f795c42796e60252,2694524325,null
Kimani,0bb09d80600eec3eb9d7793a6f859bedde2a2d83899b70bd78e961ed674b32f4,8476829198,null
Salem,9c6d405bba2db24bfbd22fc7ff74b39bd9c5e9c6ce66299c6519be517e6ed7c6,2583574129,null
Barrie,8c74299e1cce9e204e62f50196cda0d761e29e0b19307cc4afa31a7e61e92fdc,6707137966,null
Braylin,7904791f9bb496a3354bf75641e45feb31e881a00cebcb2508e45bd942a6e430,5431007149,null
Charly,5030c5bd002de8713fef5daebd597620f5e8bcea31c603dccdfcdf502a57cc60,1585707748,null
Ocean,120f6e5b4ea32f65bda68452fcfaaef06b0136e1d0e4a6f60bc3771fa0936dd6,5547679029,null
Ara,cfdafb0452d56b03eb6146eb9152895431709c96363baddd4e28a47342750c0a,8595611687,null
Deane,a2470c9d137c1c5d3567d1180a64cb43a9269c4d6f1ff13ac8cdbaf6fc5df3b7,2737660219,null
Andree,61be55a8e2f6b4e172338bddf184d6dbee29c98853e0a0485ecee7f27b9af0b4,9959163852,null
Natividad,b2c03f7e6a98dcfeb568cd82d3de69250681e3071c00accbcdd31709930401d3,1713761922,null
Ardell,73ecb4b9d82c620a68d517119881d21eaaf808307da44ea47836893e551f9d51,9855927426,null
Divine,6d1173c424c75d203bbcac1f480ecee0f4db7d4a457c008961fde94f61117d63,6905221191,null
Ocie,ab73d590e57e04c18fbe4c85a0983028927e8ba7b4cf74b0d076c52e979d4ef2,7922572652,null
Lakota,31611159e7e6ff7843ea4627745e89225fc866621cfcfdbd40871af4413747cc,8277821816,null
Ashtin,c39bc737faf3a8006e018686cbbaa090076928030278dac2be1865a4f281322e,4310835192,null
Larkin,d2a1ba788399c8d1c1273791c5d9937a0b844247425556a9464677ac6dbbbd1f,9955074489,null
Kamdyn,919e680ee460849a74a82614de062bfbbac76bc98a2f692952b5fcb6364e598b,2643572483,null
Waverly,350c754ba4d38897693aa077ef43072a859d23f613443133fecbbd90a3512ca5,8374362965,null
Claudie,c0c4a69b17a7955ac230bfc8db4a123eaa956ccf3c0022e68b8d4e2f5b699d1f,1906345815,null
Lannie,a29445fd9c3c4830dc0c905230e80d97603bcf0c120ceae8bf9dd06a71729d85,6221980463,null
Vernie,51eeed7251f3f56288ee554afaa1028b7fbc3daacc4a952be4ae8d18ddaf3320,9993059366,null
Adair,d79987051a2552ac1895e06b97d12d8cfe5924872f61dba59c15552bcc832f9e,6301328933,null
Kaidyn,cfdafb0452d56b03eb6146eb9152895431709c96363baddd4e28a47342750c0a,9148385237,null
Verdell,972964b66bdfe6b5b181c5112a6a0470204f64661ee7e3efb9aab0ce3cc403ff,7610835412,null
Jae,0b14d501a594442a01c6859541bcb3e8164d183d32937b851835442f69d5c94e,7899578543,null
Aven,da5fe20988c8e92bdbb374788b85e9da76a6677fa1cde68c62842c0ab083fbaf,2628093274,null
Kodie,5e643ab1175fdd73bea8d07c38b7c70f95b4a9f8cf3e9b96eaaa7d74acfffc8c,7613416806,null
Shalom,102cf10b5286bad9fcfe5e275ace3ddd7dcc23931fb0ca93dc223daf9877cabd,4454646676,null
Daylin,468c7b6449dd928f2ddad069fbfdb31f59ce214d67a1422c7610efb886ce6aa7,4303621975,null
Osiris,79f06f8fde333461739f220090a23cb2a79f6d714bee100d0e4b4af249294619,3503101482,null
Dwan,3ea87a56da3844b420ec2925ae922bc731ec16a4fc44dcbeafdad49b0e61d39c,6834975793,null
Lashaun,9f0c989dd3e4c7a6ef5512d6347a9af24b95ee886e9874edbebf2055166c5ed6,7042232956,null
Ashten,9409d68826fdb81945b7ffc4c8821e20da61464be2b738b910c834bd06eba39b,8645978075,null
Dann,d16f06fe255d801e0639b8d749b815ea9e788af7b9ceba2b773c1dbc8f080442,5941389755,null
Shai,730551f5bad4af0604f661e7f8b82e6a6c364ca19ce140166333d86cdc814ca6,1834848409,null
Teegan,2780b8eef998d6eaca5dbfe00e4043e626c79bc214195e1848af17a85d51519c,8966907648,null
Micha,13a465fc6616da8d2afacaf00a8276aa841662820f9337de127f815ee71cc55d,9885090670,null
Tobie,58f87e265d97de141076d2e770459f51f20b32112139a0f7dc27b7d7803465db,8600784843,null
Jaelin,db9fbddbd7caeff7a326645c1bb47116eb3fd4ae3834bf5039fc5d47386786f5,5373038806,null
Marlowe,c1d35cc3471fe509203d65b3e7a53fc82337ac9ae2c797b836621f706fe37df8,6630019434,null
Kareen,8c74299e1cce9e204e62f50196cda0d761e29e0b19307cc4afa31a7e61e92fdc,8285428489,null
Ryen,37797910f477feb99433121aabaac06bf771eaf9eba5ec5379fa8e693b3d3117,9052722434,null
Marquette,17756315ebd47b7110359fc7b168179bf6f2df3646fcc888bc8aa05c78b38ac1,6207828337,null
Joell,8def3bf5d78abb247b4829e87b52b10d79b1cd0e2aec529930ed692ee8d1cd2c,7359443653,null
Adel,8fced00b6ce281456d69daef5f2b33eaf1a4a29b5923ebe5f1f2c54f5886c7a3,7557281314,null
Golden,308738b8195da46d65c96f4ee3909032e27c818d8a079bccb5a1ef62e8daaa45,4198048038,null
An,e5d503d4582229c4c9abe250e49654765c885eb49bb49df7f1861bb79fc7346e,3896891956,null
Ossie,a7fe9dcbcafa8559ea3617a3a21af7b8aa06c2badf7322c67c5ee6b6f880cdb1,7877711580,null
Stephane,5e10aaf3bc689abcf8e5f5cf133cf077032a90bf3d99c92e6538ead62c73dcae,5477470632,null
Vinnie,c80f63014c517106d469cfbb0203f1077fea7d872b304aff0d0de875802cb33a,5076917237,null
Armoni,aaf5ad63ac417e5002bdac202e07287cf90f35b1d419464d2c4fc79e508a1e4c,5549612740,null
Berlin,f08f448a5e7a9dc3619bb7c129f6a7d5fc6af002cea17ad71dfdc1c68f4d4e0e,7256922035,null
Thanh,01df2cc6fa6f8098a687eb5c5ad5f4186bffcd18f75f87fba9735daede10108c,2592075762,null
Jimi,c8c97cdd252556bc893ccba057aa851597ee6a6786cf71e599c2b5d4e8558fd0,4493764678,null
Linn,3f83e9ad5be63bd5bf2fd009fffe6b7dd4066243975bc962edc37459c17e65b9,4062715055,null
Marvis,7f5a9ba14cb89dc20e9001e41ba6f98fc1d4d71752a7407bcd082d52bb63465c,3604131113,null
Tam,cd879f74c6ffe6e4ae973145798ca26489fa2a61f7b29ac5fd816c0ad959511f,8428338629,null
Kaylon,0e8212763bcaca61dba6bded61998f8cc097b441aab71edbc4a78cb61ffdfaca,7861770521,null
Kylin,b5676481a6a1818bcb60de8c6859919f5855d44e60ea1c1587e06459b23e36f1,2814384609,null
Lajuan,ab73d590e57e04c18fbe4c85a0983028927e8ba7b4cf74b0d076c52e979d4ef2,8553348657,null
Cameran,6085fee2997a53fe15f195d907590238ec1f717adf6ac7fd4d7ed137f91892aa,6172395954,null
Shamari,f6fc84c9f21c24907d6bee6eec38cabab5fa9a7be8c4a7827fe9e56f245bd2d5,3208346127,null
Teddie,d37d96b42ad43384915e4513505c30c0b1c4e7c765b5577eda25b5dbd7f26d89,6957417116,null
Laramie,09c587fb282c3423f0867eb10c37a6fd4e3a157865efbf7bccfd51621e9940c1,3356800323,null
Ricci,819837a1df89760e1d106d2e7d83338772ace66824c6803bc262420c2814cdc1,7725036067,null
Jule,bd6e50d182ed790cee1118af6f7aacd6738b6a03ab6a78509cd2f47545466c4b,2956071355,null
Cedar,56e1239485139d3d0564c10a8cb8e7dbb6c75b2d744d49073d07c4208f7b7941,1260856185,null
Drue,a29445fd9c3c4830dc0c905230e80d97603bcf0c120ceae8bf9dd06a71729d85,9999701223,null
Shade,a78ae4b4d2e8c1e7b6ef20f163cc194f5979d7db1a9b4b9806bffc5ee959b130,8473204419,null
Jeryl,6dbc81f0fa76157e049f9e8263ab582793ef5fa6baa39271c3cbb29a42c551fb,7158772285,null
Taylen,3c40c6aa6ba3d848f7d784c7028ef018917f0111b2ee0fdeebcb8d863cf2e516,1319702895,null
Devonne,fa0777bf024e9b7ff4b87ce04554a00a84b8d241eabefa9db2e0793f35f13d14,2857132412,null
Delane,8e71b24534e9f3fb3a71263359fed2b7ffb008265e0d34383e319f1b6f5c08f2,4623835343,null
Arnell,0a2946b1359c3fc3c48f0f21f1c006863d6debc9ca385a64a4121b97974c5764,2502573598,null
Earlie,b9043c16af362f30807deaf692025d61c3c803bba1efc43fe2f63dc8b507418d,2861933404,null
Tenzin,248b3b8bfa4dd9d85123b89dcdaf29540718991d7f8f9148e4c4308ae6dae1e1,3202212983,null
Kendel,5030c5bd002de8713fef5daebd597620f5e8bcea31c603dccdfcdf502a57cc60,6819461174,null
Arlis,6d1c5859550824d403d8c31af9ac673b7ba206e6f87e61e096a017299f74d63f,8377741918,null
Ashby,2632ec06e2c2e54a52245ffd9e5af1cb65b21a4cdb031d4e11383719cf8c0ca4,8738583512,null
Shia,ad95d5fa651ba86d8923fe1238d24a4f1988a752acfe426ac72ac7c04471bc17,4514794604,null
Berkeley,64b4d0f47c93ce23d157e68a58767356283dc9b63c459d45d0e0e39b3a64b9b9,8591996878,null
Lin,3f83e9ad5be63bd5bf2fd009fffe6b7dd4066243975bc962edc37459c17e65b9,6422880890,null
Freedom,c8c97cdd252556bc893ccba057aa851597ee6a6786cf71e599c2b5d4e8558fd0,2501768707,null
Rylin,f9860d4c1fe72330e750bb2a1310337fc35022f31a0c625fd792930f4dc3e00c,4982475450,null
Aaryn,bb61ef40814ce34c1edf0edb609854be9793198a8f60b67d9fb26643c32281d3,3071328691,null
Mykah,1366fac71146793a85e98a88ad9bb15adb9aac31da8ac6d73e67059bd5a467a9,5981835370,null
Shaya,c9564c5bb75297ec0dcfcae08a68c2e9e7bb9aae9e8639b0b6d93e02666903f0,4468756082,null
Tanis,ca52e7d1c18961a8c5b3947a54e48fbf4ee70b66ea413cf7814f1c962631fd58,8493204310,null
Chancey,31651957b57dbcaac543a97f7bb0a8adfb5d21b676a63a43ddb1c96cc30446cc,3363156483,null
Jaidan,cf407fe3eab1561eb2b4a360d21248f4b24bd33770eceb59b11d9e5469bfbfbb,3455500860,null
Jaydyn,90a6d53df47e4097ad65833c01eba6203665b93a60b00a848edbcc3ac53d605d,6560616790,null
Kaedyn,8d2ac8b58ead9744d77286de9b0bcb7a894f238c3149fc9f3b1e3caff36330fe,8343818582,null
Talyn,0a4ef253e3fef22cb9d3bc5280386f9f2d1cf351da6582d8254659d1b27ea0b3,2005860992,null
Le,c8c97cdd252556bc893ccba057aa851597ee6a6786cf71e599c2b5d4e8558fd0,5578915257,null
Hartley,cea6e08605496fcf871946f7ee8d5f26bfe32eeec8fdfd614d152d1bd3e6391c,9352523868,null
Avon,51eeed7251f3f56288ee554afaa1028b7fbc3daacc4a952be4ae8d18ddaf3320,2177890799,null
Finnley,7aee5b5dbb9e781589946f9087eb09e4a880d57e5d52441daaf7d49f9c2e629f,2111692009,null
Schyler,ab80177c2fa8dfa42997fecef5373fc82ca987f9640e7dcbb572ffe11737c796,4093062750,null
Rennie,51eeed7251f3f56288ee554afaa1028b7fbc3daacc4a952be4ae8d18ddaf3320,1900883396,null
Aly,8c1cdb9cb4dbac6dbb6ebd118ec8f9523d22e4e4cb8cc9df5f7e1e499bba3c10,1453045082,null
Kaydin,e2284dc3b5535645288cde2bad818404be728fb8c9f70b055c0b52023b0ff0a0,3939112069,null
Camari,cfae26288bd82e1a97669b7720470cf394e87b0e53bdd7e584055805cc63001f,5060690764,null
Clemmie,1e9cc37678c0112d7a394909256c2a5998a6e57e2b0d82209900e1456e51b7eb,9681220116,null
Payson,1938caca1799f070c8e34224c3b0425271db986df387612175d5234d88dc5729,2359320750,null
Anay,ce1d801d152db837c0fc85ec31d69aba1a610d18a7759851d8cd07adaee9d8fd,9705766643,null
Devine,6161b0a284159565a0f7d5df2dd2698b5f87906cd91ff5322caf179b451f5a41,8826246179,null
Terryl,2bb80d537b1da3e38bd30361aa855686bde0eacd7162fef6a25fe97bf527a25b,2093173941,null
Bao,55fbbb9de6c380e13013f7f7621cfafdc939fe87c1b0af1cc425aa18f3744dec,2945208354,null
Tru,46635b56d3c7f0b7bb26adae2a1692debbfd145d4a0986a9137fe91e73e70360,2489773483,null
Indiana,6ca13d52ca70c883e0f0bb101e425a89e8624de51db2d2392593af6a84118090,8458569527,null
Evyn,057ba03d6c44104863dc7361fe4578965d1887360f90a0895882e58a6248fc86,5084561883,null
Deniz,3f29e1b2b05f8371595dc761fed8e8b37544b38d56dfce81a551b46c82f2f56b,7181462234,null
Emari,8b591cc313c07621780dba89d4e698566cff82ccac2667483ac2fccd7344e330,4193384399,null
Davi,e7042ac7d09c7bc41c8cfa5749e41858f6980643bc0db1a83cc793d3e24d3f77,8379018133,null
True,b6bbbc6f04a28bb31e595bf47bfec6e168c0f1fb98ad3131e927b34c4ca38c05,3161593451,null
De,f85b43067a280d4cc40f89cb78d8efff6e908727bc3cb43a9ae72b400d2eecc5,9576065614,null
Samar,03ac674216f3e15c761ee1a5e255f067953623c8b388b4459e13f978d7c846f4,2674330960,null
Kriston,f9568a5a93fdd6f245549c6dd9e7f6e5e3592867b5504a15638652ba495d8713,9069231524,null
Lian,1df1854015e31ca286d015345eaff29a6c6073f70984a3a746823d4cac16b075,9249421727,null
Brittan,07d715edb696fb5f628f7298e5d7217ed4d2bdfc5347a1c55fee30832267f21d,5438989626,null
Torre,20f645c703944a0027acf6fad92ec465247842450605c5406b50676ff0dcd5ea,1417005838,null
Shawne,d233633d9524e84c71d6fe45eb3836f8919148e4a5fc2234cc9e6494ec0f11c2,7515992369,null
Kailen,34550715062af006ac4fab288de67ecb44793c3a05c475227241535f6ef7a81b,3274505193,null
Aundra,2a09783b1c474294d122b82b93b01c3701bc9e4d65b3ae60da211a4121152a43,6526172571,null
Halen,c7c084318b6f1bece6f74ffce1ea53596070345272dee8040037497c7d4cbffe,1226846569,null
Yuki,03bdd14ef87c5b28bc15ed0bebd48fa76451f7cce7e50a0131d2d0f151af55f3,3648915606,null
Marshell,917ebb3396b2ff2e27b75e3fe421b1edc07b998f74350472f3abc5c6620a68db,7017334894,null
Rivers,1df1854015e31ca286d015345eaff29a6c6073f70984a3a746823d4cac16b075,6860752166,null
Jaziah,e49034cf4bc9e985c70adf434617679084e33541f726c1561825edba7755fb87,4491748329,null
Amaree,e4ad93ca07acb8d908a3aa41e920ea4f4ef4f26e7f86cf8291c5db289780a5ae,4357832535,null
Mycah,eab18a7ebe4a09e361ff2de6c14e0418fe9446403de8abb1da6b0baa9669a522,3805890575,null
Toy,4f32044a655f32e8528edea64dbfd11cba810b8790e6e6e23d28ad3a75980734,9145245283,null
Tien,d222a18d6474d0819d8ee5da0c2c524f31ff0903a4e6abc3f7957f84f1ee3f0f,5765333314,null
Adi,ef51306214d9a6361ee1d5b452e6d2bb70dc7ebb85bf9e02c3d4747fb57d6bec,5158598195,null
Callahan,5509840d0873adb0405588821197a8634501293486c601ca51e14063abe25d06,1978550500,null
Jazz,e4ad93ca07acb8d908a3aa41e920ea4f4ef4f26e7f86cf8291c5db289780a5ae,3891865695,null
Reign,d36e9c47a21aed0b08455e0d192be59b4b0b25077d509f328a15b54494602831,4274025421,null
Burnice,819837a1df89760e1d106d2e7d83338772ace66824c6803bc262420c2814cdc1,2514410611,null
Jamy,3e6078c8113a01138e0d1128f5763fede882e25ffae19e8012240e1084c174a2,6264697595,null
Lavaughn,34a533dfd7273a9bb03656b32956a2b1d08dc62533b11c813b28d0ef23ec8e67,6673013360,null
Adrean,56ccc4dcfc96534b06fc0c08a301be24f13b491484d5d984953cc0dba9bbb89a,1969910195,null
Cache,ba4788b226aa8dc2e6dc74248bb9f618cfa8c959e0c26c147be48f6839a0b088,5329881623,null
Britain,e75dfc45e696576babdebced53338142cb413994f18024752ab1dfe24676751b,1981215344,null
Dalyn,2413fb3709b05939f04cf2e92f7d0897fc2596f9ad0b8a9ea855c7bfebaae892,3255864766,null
Dondi,46d86146774497af0aa4959c0777932a52de8b79f6babec58d58a4a0d8d5d68e,8313334684,null
Dallis,cdb59355f3ba293977fc0945fb85f11822d412c45c7520c7121bd2234f6c1f48,9323351591,null
Nazareth,796e43a5a8cdb73b92b5f59eb50610cea3efa8ce229cd7f0557983091b2b4552,3819436355,null
Nieves,d22f115abd6b44f9985037cfb39d6e1ab2db87a470d3e1081196562d420b8e41,4919647312,null
Jireh,888df25ae35772424a560c7152a1de794440e0ea5cfee62828333a456a506e05,9174645583,null
Collen,a7fe9dcbcafa8559ea3617a3a21af7b8aa06c2badf7322c67c5ee6b6f880cdb1,8716587172,null
Onyx,0d81684688d4057da4d9f6df64b28154b68afc2f1946a756302613c92fdd4986,3544006062,null
Raynell,051c2e380d07844ffaca43743957f8c0efe2bdf74c6c1e6a9dcccb8d1a3c596b,1743630616,null
Sonnie,0c44be9f7948957db073a1f24c266b07508b127ec030b328269ad052d7213aa7,1136343294,null
Lyrik,61ea0803f8853523b777d414ace3130cd4d3f92de2cd7ff8695c337d79c2eeee,6780688108,null
Marice,62080f96a2bfc48794326c5b9750942d15886e6a9746fc215cd0d04127196db2,4709570985,null
Lexington,8d7d5397f8842b4181d38bc57b85b9ff1860456f92872c43f991a904c45062d5,7006729530,null
Chi,1ef7bb1ba959d2c3be7c7a72c8256de96ab78e901f717f1899fd6ac041e21225,7322098300,null
Eliyah,714b74b9fd79bf335839a273ce69ae2e28f7ab92dda4dd803f713f80d712f0ab,8898980716,null
Tonnie,e9cee71ab932fde863338d08be4de9dfe39ea049bdafb342ce659ec5450b69ae,2446992300,null
Teagen,ae50ad81a2d4006e372c0bd3220f24c377345455d0e980c3f0d94f0e5faf2561,8043381844,null
Rudi,619a2ccf126ce837dc7cd3bdb4d7f44280a0ea4f721e5a738f859aa19d52a78f,6522721103,null
Kamani,4f278cdddf52263fe21c64c94932f2b2ec316acecd39a7adcc01eb2e6592a678,7224219979,null
Han,7781113a99f177280ad3e89bcf631f03acb8fa8e626082dd9158eeee0bdd5674,2650177284,null
Jerre,d36e9c47a21aed0b08455e0d192be59b4b0b25077d509f328a15b54494602831,3224160167,null
Alika,58f87e265d97de141076d2e770459f51f20b32112139a0f7dc27b7d7803465db,7212121982,null
Monta,06006bac27e86fca786c421407893ecb761925634c6318b1f0f9d0f4b6f7328e,4264537519,null
Jaydn,b8510932dad3ddf0fc34661a0caf6674e5c0d672e3930c6a736424d4df0e8016,1163523851,null
Hadyn,d56d0ff69b62792a00a361fbf6e02e2a634a7a8da1c3e49d59e71e0f19c27875,1767488654,null
Kem,5944ae849448011ca08c3785f1de1a54c8a96d6c23f787f9d962b624edd4151d,7746419382,null
Terrin,8e6740a5526b00be54e28489b7afe9d9aabf53ea1a1a4612faf2516fd27aa3b8,3867196833,null
Wisdom,e2284dc3b5535645288cde2bad818404be728fb8c9f70b055c0b52023b0ff0a0,5278703454,null
Natale,e0a32e5cf709a367548ca63aec27ab874a3a6b8ca15da31ec4957a12bb066655,7112126254,null
Rossie,b9bfd32099465cb6f8a446e4ec1205fdc9143bb6f7d91d89fc903d9e2364cf28,3628183458,null
Lugene,d233633d9524e84c71d6fe45eb3836f8919148e4a5fc2234cc9e6494ec0f11c2,8561520085,null
Rebel,b988b5837c24ad1987f31266e0246b0fdaaf7948714cfa2a9f7757c52977ff14,2238598348,null
Blayke,270d76c78b081db72f35458cc7b0019ced8e29da7ec15a77d99533a0dcb06c1d,9596114866,null
Donyell,811eb81b9d11d65a36c53c3ebdb738ee303403cb79d781ccf4b40764e0a9d12a,2598614260,null
Myrl,03bdd14ef87c5b28bc15ed0bebd48fa76451f7cce7e50a0131d2d0f151af55f3,5264793486,null
Kaelen,dc355ec75a2dc4a1d29582933b52f9f2ed71061432d72e1991d8b15445b2ff03,3011421450,null
Miko,d865b65bdb3ba3791fc9549d2e315f3dfbba0128db30316c913795f7d79e8323,3719380994,null
Elza,f15c16b99f82d8201767d3a841ff40849c8a1b812ffbfd2e393d2b6aa6682a6e,4715892186,null
Kriss,9f45aa99ad9ab5c822155c4a44f9d64d010faeaea76468a939d2d4f046e340bd,6862026335,null
Shadow,848be944013cc3374ddfef3655d6816c060610161c835c71a9665e6dc18f6542,6106168875,null
Raylen,8588310a98676af6e22563c1559e1ae20f85950792bdcd0c8f334867c54581cd,4230948209,null
Ramey,a0811a47b1e299c8152b2455cbb53b6976148853ee35ef7f6f427277925b96bc,3794908613,null
Jaryn,82d3042b941378bc994b8c2596fa69e4370bd2cb5400c4c043c996dc197fda7c,3332745497,null
Laren,cd08c4c4316df20d9c30450fe776dcde4810029e641cde526c5bbffec1f770a3,4754997280,null
Leverne,ee4e30e780bcc5fffa26e4aeb171857015b059da591faa3f8e271dcd65400f04,9377557453,null
Khali,6db67ddbf0c9afdcdbd8eb875559b9f76a2b6aa3b08a154e24266e6510ebe90a,3879522634,null
Reiley,2d4795b5a4b00eb38d1a1db9a90ffd8c8ba2e407b4e51f4271c1e4821064b04b,6238205093,null
Jaydee,9f2a08fde416cef2158943241fee1dd8f3cca092afddef1d53ae82318e05f63e,4134495656,null
Luan,e9a63a4eb15738ae85cd416221c8fcc4ccc0018fac91335b42eaa016c76e87f9,9131569607,null
Reily,bfbe56885d33f05b961223170f34a0af243bd62f2d0d9d3dfdf4e3fa4058c968,4334301806,null
Caidyn,9d777935627a29c77604c57273520eb42635fd1847d2eeea1e7441fbaeb26253,5094490118,null
Kaylor,6ca13d52ca70c883e0f0bb101e425a89e8624de51db2d2392593af6a84118090,1412201433,null
Juel,49eff747f7b66f70133bfe00aa8ac2d6b0fbee5be80e52537b0163f147d20418,4272378897,null
Amrit,8458b1d651d9faf2691730497b34526730947b758078610ec3a56ebe844fd1a3,5557339731,null
Rayn,e66e9a769d159582cda9c0da24247e36340045a7c340ec59dcd63c0b61cc95cc,2766910422,null
Arien,203b70b5ae883932161bbd0bded9357e763e63afce98b16230be33f0b94c2cc5,5935892632,null
Britten,37290d74ac4d186e3a8e5785d259d2ec04fac91ae28092e7620ec8bc99e830aa,3100295359,null
Bela,5d72436256ada53828b51895a94bb8489e9f1ac4fe937a8024ef1594e7045ff6,4617363792,null
Arliss,edee29f882543b956620b26d0ee0e7e950399b1c4222f5de05e06425b4c995e9,5289682980,null
Aziah,94c41436f038313595af6897442afcc442ebec2c31803cb8fb88765258a52f85,6515612998,null
Lonie,a0561fd649cdb6baa784055f051bad796ea0afef17fca38219549deeba4e8c1a,3657188493,null
Pasha,00451d9a00bf9b7b39579402195ea63bad0a1d73c8259608057ea7bcd9d37f07,2549854894,null
Caylen,c73c3a07b644b026251aa655331eee0394bea4e7bb1d5f019bfbcbeeb13e0f83,3690665761,null
Talin,c9b82b90ae572c840a7698cf0fbbb1d7d554fddcb52266dfc5e84f343e9cddda,2901896715,null
Shaune,d34a569ab7aaa54dacd715ae64953455d86b768846cd0085ef4e9e7471489b7b,9639119149,null
Valen,35f85825b9016fcc7818aca22298dc88a92ba6e4f029366ff8acbb3f823152d4,1171275169,null
Ozie,d92e06b325d24423dd187a0101924107ace8b367379b12c2b8608ddf843cf435,2640737849,null
Dung,2692d41ba9f29ac9dc12495c3caffa47b71d5d2f8c5fd899c884a6de67922e2c,3373975887,null
Avry,b6ad34b0b6b7e38f878a513b3f7927ebeb4cffb01aeb6d9fd9f9ad67fbc76517,1823511943,null
Zamari,81a83544cf93c245178cbc1620030f1123f435af867c79d87135983c52ab39d9,1121663363,null
Kam,57c7bb1bb755cdf7b93f1c63a35c8e873bec990aaa82117ed5e520ca62dc6340,6421206832,null
Ronit,2285877fbec4bb1ad6466a6d3596f3a369646db03a02d4f74a2616a50d457a0c,9965072587,null
Kelin,0be64ae89ddd24e225434de95d501711339baeee18f009ba9b4369af27d30d60,2937451786,null
Teigan,9e861941ad8bf5bcb649e5fde92d712528200a216018c2437371498e6ab7683d,9292287570,null
Sun,b54a1af8b666f61c2dd5ae8f8a543133409fd28c3b78064c5db993bf2c8e77bc,5243482759,null
Karlin,befa156f0283eb0062beb9b86e16a413e1cf8c5135e5518d5c4fa321ce0c7b6b,5365541927,null
Lenell,0ffe1abd1a08215353c233d6e009613e95eec4253832a761af28ff37ac5a150c,2937875615,null
Jaleen,8d3e0bf685d077784de23e1c217de5c5d8da4c0200d7c86df6ff607d9cbc6959,4399686697,null
Amory,b6197fe0d62a4e463edd2925382d4d268c4fce0859378682608efa4fda326f26,5110060903,null
Loghan,f41f2c785e15ca0c3fa8776852d7dec9166e163011bf41d9f40ad67b8e93cc5f,6350629800,null
Kemani,569d7dc1611b50e40d5b898c212f4742e3b7d76996bac5d63739fef589f3ccc0,6100804319,null
Aarin,f9568a5a93fdd6f245549c6dd9e7f6e5e3592867b5504a15638652ba495d8713,1187848124,null
Elizah,6d1173c424c75d203bbcac1f480ecee0f4db7d4a457c008961fde94f61117d63,4417249982,null
Maysen,a3ca38ef0e8554b39ce6fd34b011f9aa197cda1f17e2b08b1816142c4bc67199,5264592223,null
Yu,b7158b64a98516b31d0c23609f69265a868c594dda5b3c8da9e13159e209c9b6,1236236579,null
Bergen,f76b61b962db075bb76ad6f3fab10f7bd546f92f1b89f18c513d4122575c18ac,1232657054,null
Jalani,c9344c5f1079f7ce9b007e604829f7e8e4516e9132e098ebd58e2cc7f2a5fd4c,5551533527,null
Jamille,16a2dd3a872593902a1e39276f1800bdb42614ff16caa364938e35ed8d8326a9,1408970608,null
Adama,81fdff283ec2829b4002384ad18370f64e7a48618c45058e3d112d965e27f72e,4552338821,null
Laray,b89dab808c585f889185b815fb5a704b2fcbcff4b2a32e03d584a6988d68784f,5870757430,null
Sully,4d1d13fdfd973f8594e0e03d363f2239484ac1173e3e7223c1fb77d7dc2745eb,7295712785,null
Latrelle,1bc3201a9f24a2fe48f634f90d406aaf6cbf5e36e292870ecba98d74b065ee1b,4883753842,null
Onnie,bb647e29b34334079a9d553184f6cb58abd93182f8a4f7e95caf4bea0c2b2171,3877269773,null
Khanh,e5d503d4582229c4c9abe250e49654765c885eb49bb49df7f1861bb79fc7346e,8277922900,null
Amil,b8510932dad3ddf0fc34661a0caf6674e5c0d672e3930c6a736424d4df0e8016,9657618416,null
Braylyn,4404f5b7a8836863b4bf63b9958024b6fc9074f0f0480ed8115e4168760e505e,8977356889,null
Tanay,9a13a9d1ca9254fbb69dc93472295b15d741742de15dfde64d4a2320e1e29200,9417245660,null
Kailan,930a68a51a2db950f58fd3b0b5f1d76f56afaa16e12a418d71ca6c25f2390424,9399911214,null
Caelin,4e20613ec3a63732f98630b9429e1600d47a08f059496d39ffd353f0c3038f39,3301579867,null
Alexandr,d24259be13407e0d132337bd8398ee9aaff43a249c38d0bf222429f311c9c939,1098466628,null
Daryan,26a05370613ccf56c10ddc2439e319dc808aa9cd14ea8e1b64bde0fc602d3c9d,6669198226,null
Wallis,04e8e027a3946f3fe22bb077c400154afe7e4f5e70c133bfbd9c3f5b0ea4d0d6,4855974415,null
Kelechi,993b97603778a944ff00c86775aeb4c852a6deae031dbee58206dc3ae1e3242c,1670303900,null
Javonne,d222a18d6474d0819d8ee5da0c2c524f31ff0903a4e6abc3f7957f84f1ee3f0f,7883353977,null
Gean,15c6d611193988e468c7431229c59ce13b0407fba24f11d36c42680d7fa11e98,4148805505,null
Kao,312433c28349f63c4f387953ff337046e794bea0f9b9ebfcb08e90046ded9c76,7650764514,null
Cypress,4cf0c1012276f46af31e44d2fbb03ae7af56f03c9996eb9452b99b3e6273698e,5873984021,null
Tamari,2c8c4f00dee0bb25cb5cda2ef243456e7fa9a11dbb37a24b159d3c35177a0393,5500674908,null
Evann,c49b876c05fd376922883ceaf5b7e7871ae4ae9f24e79958f3fc70efe114627d,4332709185,null
Tarren,2daf0e6c79009f9234ed9baa5bb930898e2847810617e118518d88e4d3140a2e,5822532780,null
Jeffie,059a00192592d5444bc0caad7203f98b506332e2cf7abb35d684ea9bf7c18f08,3139683310,null
Amel,fe0266155513993bff683fc20f734de0a36b8ae2a5e7d9b2dc0d061a06366237,7713051193,null
Jaspreet,53ddafee31895d3f881928b0f32b7ce540bae7932dcbf0eb610ec068892856f2,3746340759,null
Amen,b769a6983b42d565e79bb4f3f534623453f301d39784e57804a649a67ea05327,2942784538,null
Neema,72ab994fa2eb426c051ef59cad617750bfe06d7cf6311285ff79c19c32afd236,7052868716,null
Hien,bf15d6ce1d5e7f9ccedfc7ab2468df4e4c18db573446493b1b24f3d32534bb34,3740213913,null
Lorren,d28eb5f7b4ab81491e6617a7fe0d9bac14ab6d12ed69f479ac6a93c29bd3df0d,7455398226,null
Jonel,fe0266155513993bff683fc20f734de0a36b8ae2a5e7d9b2dc0d061a06366237,4889137483,null
Kelyn,8bb0cf6eb9b17d0f7d22b456f121257dc1254e1f01665370476383ea776df414,3174659297,null
Jodeci,519ba91a5a5b4afb9dc66f8805ce8c442b6576316c19c6896af2fa9bda6aff71,4981781668,null
Alexy,b493d48364afe44d11c0165cf470a4164d1e2609911ef998be868d46ade3de4e,6349110477,null
Jayln,2be4e33aa3e21f6ff7ad144f8fd58228a1cce3b50340b4805ff0c63480eec488,4253515206,null
Chayanne,003de168f3110b0c0e619a90777d5b3c768302721e602e9b204f60891cda2bb7,7866659143,null
Brittain,01df2cc6fa6f8098a687eb5c5ad5f4186bffcd18f75f87fba9735daede10108c,7573730717,null
Selby,fa340114498cfb0f5dfedaf79ddcf3af3e3211a852438d087a77c1a4af98c42e,4543265780,null
Akili,60a0f78b507f6249a6e29eee34f3f2940188b0b995715a82a03469f5d1586275,1556688646,null
Kimari,37ba3881108bf3e48180350246c5959b9481633d0cb1d8694fb141dc74e5fe79,5238267489,null
Anmol,92117ce11e98294a222704bdbaab68054e47de56740af058bdabd7d2135ac78f,4651705467,null
Kirin,350a770c0ec9f353e1a5629895f374fdaa299876c3870c03feb60eb4a3769d94,3781280664,null
Min,5d2d3ceb7abe552344276d47d36a8175b7aeb250a9bf0bf00e850cd23ecf2e43,5109954109,null
Eri,a0b7c245fab334467e9508386bdccbf953957d01043ec043da915ad993766a48,2392131551,null
Bralyn,4007d46292298e83da10d0763d95d5139fe0c157148d0587aa912170414ccba6,1192579796,null
Alyn,8c5c04391361cbf4afd74c5ed8101ea4af881c4ee3b3df1d5b3716a19b1a834d,7686713569,null
Osie,85fc17f7069acd39a5c636cd0a6530651096128da447959f5e250824857dc559,4474158182,null
Shiva,a48fdf8507eb98e7b05aa143a93cbad2c6a5db3e18cfd3a51b9dccb7bf364108,8309083681,null
Kamerin,47944637b32facc94c1c49b32202b63e23b6ea7f225baa1d89868b3ff32d4a1e,6128192722,null
Pheonix,1a8d9de9490302d2d234f9c92bc2c854910ebf70c5eae016b86f03427fef03b7,2437154837,null
Abrar,44c59909f17c296d6f2ec4a53efac3a951add75aa67616d9c5d9d2f5fbb44f04,8360133438,null
Darnelle,c00cf031587d12c309358e85de8876b2738d3ef2cadd88db6b07318ea0ba8973,3702458447,null
Haydin,e81dfe69841ad2f7b5790b63e998f0febaf3b29acd732881975130761b98e2c7,2098925038,null
Davonne,811eb81b9d11d65a36c53c3ebdb738ee303403cb79d781ccf4b40764e0a9d12a,2951396581,null
Makana,b82e723b461323374c1eec211e066dc7a1c2130fe36c906e4bec5cc45109c248,3362774475,null
Ayomide,c9564c5bb75297ec0dcfcae08a68c2e9e7bb9aae9e8639b0b6d93e02666903f0,6386932008,null
Daine,fc613b4dfd6736a7bd268c8a0e74ed0d1c04a959f59dd74ef2874983fd443fc9,4478438160,null
Avrey,a657fa855740a63d55448b06afbc256bcecb8ba1bcb219fea8def369b4d0ef29,7782342672,null
Truth,2c8c4f00dee0bb25cb5cda2ef243456e7fa9a11dbb37a24b159d3c35177a0393,7096924976,null
Uchenna,ecd71870d1963316a97e3ac3408c9835ad8cf0f3c1bc703527c30265534f75ae,8440442255,null
Gracin,92c7d71b95dc6540fc58e891dbe649fe72ae5e93b5f42fd7fbdeefe6cef3e51d,1533283342,null
Chong,ff48e511e1638fc379cb75de1c28fe2016051b167f9aa8cac3dd86c6f4787539,1750363269,null
Marrion,b625a90afbd9f04e0cfddc0d7d5ea40c55cb0b289bff68c7594848c4eeb0329a,9460283081,null
Atley,b7158b64a98516b31d0c23609f69265a868c594dda5b3c8da9e13159e209c9b6,1098902187,null
Luverne,270d76c78b081db72f35458cc7b0019ced8e29da7ec15a77d99533a0dcb06c1d,9516936216,null
Lunden,814e2ae0398348d9a87ff91c0372dcb76186ba2d2504b1235c8d5350bf52edda,1050187593,null
Manpreet,8d2ac8b58ead9744d77286de9b0bcb7a894f238c3149fc9f3b1e3caff36330fe,8189635038,null
Kodee,b9dd960c1753459a78115d3cb845a57d924b6877e805b08bd01086ccdf34433c,9550995315,null
Kyri,7904791f9bb496a3354bf75641e45feb31e881a00cebcb2508e45bd942a6e430,6039583026,null
Donnelle,e6e62ee55819cdc13126a8633ee8c43eaf48abf491cbca92129ddf5505b70bc1,9307109011,null
Koree,37797910f477feb99433121aabaac06bf771eaf9eba5ec5379fa8e693b3d3117,6056328188,null
Riyan,bbdefa2950f49882f295b1285d4fa9dec45fc4144bfb07ee6acc68762d12c2e3,8562154661,null
Sagan,74dd730b5c36c1cb4fdbb4bce1764c57f260190f94ba52d877308332f1dfe363,9593940686,null
Teran,d426ad2be55b9ef24dd8e4b446c28a2f969c761d50d8bd08836bdb9036c2dcee,7275267660,null
Avory,81fdff283ec2829b4002384ad18370f64e7a48618c45058e3d112d965e27f72e,8988442046,null
Lior,7686d20a74e92093e15047d9102275dcba138744ee98fbf5415562b59131cded,8421065229,null
Hoa,934a11e602682e862b4b4d1f881ae8da1e097e3f6964bd780e5bb1fb798a6fdd,9025036096,null
Alexx,03bdd14ef87c5b28bc15ed0bebd48fa76451f7cce7e50a0131d2d0f151af55f3,3079674439,null
Arleigh,b34cd4a97cfc6649655a00bfa9cd3fb3acb5f73e59498ee0475b4547db516131,5726898369,null
Brier,5e884898da28047151d0e56f8dc6292773603d0d6aabbdd62a11ef721d1542d8,7675391286,null
Lyndall,e83664255c6963e962bb20f9fcfaad1b570ddf5da69f5444ed37e5260f3ef689,5024113987,null
Terin,dc9f28b12dd1818ee42ffc92ecb940386214598837348d30d3c6c0b7b57e34c9,5455272244,null
Kallan,819837a1df89760e1d106d2e7d83338772ace66824c6803bc262420c2814cdc1,7906466240,null
Maika,8fe26efbd6c39984f6538ba14968a881925d02fc3ca58fd5b3caa63a4c310f17,2336167411,null
Trayce,30c5461fc27b84f1f1ad0a83162a26882b22d11cdfa45978dd21c810056e8d0e,5389660800,null
Deavion,77646f5a4f3166637627abe998e7a1470fe72d8b430f067dafa86263f1f23f94,4049959054,null
Indy,234d6d31ecb9d31204f97fa13cf7c5af2dd45a1bdb862311e3ac259e98e8f796,8292505558,null
Ellington,d22f115abd6b44f9985037cfb39d6e1ab2db87a470d3e1081196562d420b8e41,4227702174,null
Feliz,bb647e29b34334079a9d553184f6cb58abd93182f8a4f7e95caf4bea0c2b2171,8257843325,null
Alexiz,3f29e1b2b05f8371595dc761fed8e8b37544b38d56dfce81a551b46c82f2f56b,9691050929,null
Neftaly,467b1b85a0ee941df09ab955dcb561d51bcae760fbec8d0ec154c05528c9cb51,6020379641,null
Kaegan,0a2946b1359c3fc3c48f0f21f1c006863d6debc9ca385a64a4121b97974c5764,3941427587,null
Edris,c06b0cfe0cc5e900c57784484094331f095bf441995c3c31ea6c75691c786c35,1903567885,null
Harpreet,d9035738cefcf6ffe9a48bd5d94d73822d9b2a2879596681e6e625a77f6dca83,8441018226,null
Jailin,4e82ffc2e78c1002365b85720d90cd908ad8b5e2fd11a6f9d539ab9105d8c82d,3471976305,null
Mackinley,07299a3f8843d2cde6e11075c597b2ce9868221d2a401aba32abf05bd455af23,1415504223,null
Kendle,993b97603778a944ff00c86775aeb4c852a6deae031dbee58206dc3ae1e3242c,9043371887,null
Donyae,623210167553939c87ed8c5f2bfe0b3e0684e12c3a3dd2513613c4e67263b5a1,4762866280,null
Koi,6cb09fe72a3471a776f9dbb8509fa5befe73e878f23dd71be79d24ec90c1b9db,7477542169,null
Eastyn,ef797c8118f02dfb649607dd5d3f8c7623048c9c063d532cc95c5ed7a898a64f,2075691062,null
Vertis,3f29e1b2b05f8371595dc761fed8e8b37544b38d56dfce81a551b46c82f2f56b,6788754410,null
Shady,92925488b28ab12584ac8fcaa8a27a0f497b2c62940c8f4fbc8ef19ebc87c43e,7257662868,null
Shondell,3be7a505483c0050243c5cbad4700da13925aa4137a55e9e33efd8bc4d05850f,4347063544,null
Monti,b002a634647c3350c37b15a376bae6867d9034e9aa36a06002e3e335229c91db,3755242984,null
Ardie,afffe7625f4a57162381b7ee4488cfbc48e8c26126d46cdbd18a20ea36398994,2595168456,null
Londen,b6ad34b0b6b7e38f878a513b3f7927ebeb4cffb01aeb6d9fd9f9ad67fbc76517,7693913794,null
Kayde,b6f8d434a847fb0f0c1a8d9b936b8ca952e224f205a55f4ba9b2c20f88fdc9e7,7029837783,null
Gabryel,118ee6549ea26347dafb34e76207e108ce29bca7c9ecf4b0b32973002e627990,8143659912,null
Chai,6ca13d52ca70c883e0f0bb101e425a89e8624de51db2d2392593af6a84118090,7312294776,null
Gurpreet,d0cfc2e5319b82cdc71a33873e826c93d7ee11363f8ac91c4fa3a2cfcd2286e5,4160973860,null
Tomie,b54a1af8b666f61c2dd5ae8f8a543133409fd28c3b78064c5db993bf2c8e77bc,1771704951,null
Corley,30c1d524d7221c3c698e18697b61aafa595575a2118a0b74815c5471db50b1fc,9845633201,null
Mishael,fa1baeb8e6f5c28f26997f63cc08bf08ff2632a58a578b8b971dd24d5c7d7863,1741634792,null
Shalin,525eca1d5089dbdcbb6700d910c5e0bc23fbaa23ee026c0e224c2b45490e5f29,9692254081,null
Shann,ab73d590e57e04c18fbe4c85a0983028927e8ba7b4cf74b0d076c52e979d4ef2,5076580749,null
Lyndal,b371dbc4b0268fd4fb467c755690433d1c50348b944b696087a8700a4235217e,7762898436,null
Jamani,a6e13bc9170fd9daf042c9358435394f00d78518c2c39488969d64494fd1bbf6,2848407366,null
Chee,8def3bf5d78abb247b4829e87b52b10d79b1cd0e2aec529930ed692ee8d1cd2c,9320087363,null
Deshay,1134e4f4a13b06aeaa8471f934589a3e180bf3fe432e32e1f9454e76a90077e7,5707328881,null
Devlyn,8e6740a5526b00be54e28489b7afe9d9aabf53ea1a1a4612faf2516fd27aa3b8,4328431595,null
Royale,f148389d080cfe85952998a8a367e2f7eaf35f2d72d2599a5b0412fe4094d65c,4268038661,null
Jaidin,532f011ec89ff0e2e1be76953593b588d47e8a454d18f554e4f2ea6d89615a10,9191919953,null
Dayan,d2d02ea74de2c9fab1d802db969c18d409a8663a9697977bb1c98ccdd9de4372,2350559646,null
Jari,31506a8448a761a448a08aa69d9116ea8a6cb1c6b3f4244b3043051f69c9cc3c,5412234545,null
Amarii,72d0166b5707d129dc321e56692fe454c034552ee9e2b38f5a7f1c1306a632ea,8157644759,null
Dilyn,466d1a9cc50f04d4f75efd2876bb4ea27dcd701ade74095ee3c361f5da5b42f0,6017175106,null
Yuval,0522a55e2d5f0993a3d66d28864b2862a7218a75ea7968b075333434404485c3,3967732412,null
Toryn,69ff8042237aeef5ddf1ced10e851bc6104e1ebb15a304061dba43ea10106fa9,5460231044,null
Rajah,9c15e816069946fbd20bed0935dd9d8e34d64034d657a2b852f8b66ad91af5b6,5730853663,null
Tatem,1718c24b10aeb8099e3fc44960ab6949ab76a267352459f203ea1036bec382c2,2972429989,null
Chidera,cdf30c6b345276278bedc7bcedd9d5582f5b8e0c1dd858f46ef4ea231f92731d,3313457327,null
Amarri,fb12bb6e5802257873a301ccdfed71411543a6288cd453d5a5524821e970272f,8031403035,null
Rielly,8c649a8f85f3d89d4eba2cf885e7f9273c9672b73eaf3ce43c5ea038ca648f0f,1806316562,null
Bobie,0109df3bfbae1a4b6b6de4d96a49b95be66cc1915a621bb6fd576d6b6cca7741,6382961814,null
Miciah,e3e93b60bd722ced25a041f65afd4e396e2bafe57e0c3de0c8b6b0aa8b054506,1062163167,null
Shaden,b2471d941bf888366cf43813752ea2ebfef08254773cf116187cdd6d0463a50a,5850501713,null
Codee,8458b1d651d9faf2691730497b34526730947b758078610ec3a56ebe844fd1a3,8158852287,null
Ottie,cbc17ed4ed1a11325ad72a09d8176094bf9e6c4577819490f3b62f81084e83c9,7661933518,null
Haydyn,47944637b32facc94c1c49b32202b63e23b6ea7f225baa1d89868b3ff32d4a1e,5849504656,null
Ary,1bc3201a9f24a2fe48f634f90d406aaf6cbf5e36e292870ecba98d74b065ee1b,8079487488,null
Tajae,730551f5bad4af0604f661e7f8b82e6a6c364ca19ce140166333d86cdc814ca6,7494937958,null
Aki,46d86146774497af0aa4959c0777932a52de8b79f6babec58d58a4a0d8d5d68e,6866641325,null
Haedyn,1305485a712608fdc4d2fd1780c72919f2f54cf288525814bff7120737f6ddad,6077171227,null
Jasiyah,566f532d486c947709d3d0e6b7575af8380248db66dada211d58eb00ad585297,4869557867,null
Averey,20ee235b5de5b36244da6f9aa1cbdd032a90867ba92276ccc8c38c0d0d57fcec,4914830157,null
Hyun,8d7d5397f8842b4181d38bc57b85b9ff1860456f92872c43f991a904c45062d5,5373057069,null
Jamile,d17108747e922613fe66bf5b0ec450801f513b92e91d7838f0b739df9f68ba98,8312199828,null
Yona,d36e9c47a21aed0b08455e0d192be59b4b0b25077d509f328a15b54494602831,4520593320,null
Yee,2070f725ff1c765b73c498de52bc419377979691f6100de3ed99794aeb40d988,4029286492,null
Evian,61bffea9215f65164ad18b45aff1436c0c165d0d5dd2087ef61b4232ba6d2c1a,5049275858,null
Amandeep,919e680ee460849a74a82614de062bfbbac76bc98a2f692952b5fcb6364e598b,9803177437,null
Vandy,c39bc737faf3a8006e018686cbbaa090076928030278dac2be1865a4f281322e,5380031438,null
Trenell,f95fc9d255314deebeb3e3be8c7a926caa4e2415c6372befaa8fd6f069b7c4a3,7753333161,null
Rei,2bc0659381c5a5ea1421ba9bc04f34f13522e4ccc919f8ce51d4f1ff949d67bc,4119939511,null
Weslie,dbc4a04327176e6577b4da46df04564150053960eba5d89587dad1f76a818d80,6437926379,null
Ariyan,c94bb5f268d814b7ebe7ea96321013e23ce47e48cb418302a60f2d231519437d,3789769113,null
Kemoni,c8c97cdd252556bc893ccba057aa851597ee6a6786cf71e599c2b5d4e8558fd0,5952517195,null
Rossi,937377f056160fc4b15e0b770c67136a5f03c15205b4d3bf918268fefa2c6d0a,1712903488,null
Danel,3b0fe0d342e9fa16a5c68dbba33f2e63c024f72a9d4c1ce1028570101d5229ff,2198020894,null
Mandeep,8c74299e1cce9e204e62f50196cda0d761e29e0b19307cc4afa31a7e61e92fdc,1252267860,null
Ji,1931307202ca8e6b48a45f8187db0c9156538399ba8fd04be747c0b951f20f87,7188342850,null
Ying,8f8472a2f6ec348bfc7577a035c7f34a04c62f0c757b54687e1175236dcf393b,8301101765,null
Kijana,a68999add325ba9952ddf20a853ab998393e4488b8229c0fb7fc9dbc5be26ae8,3244576036,null
Embry,81fdff283ec2829b4002384ad18370f64e7a48618c45058e3d112d965e27f72e,9758560160,null
Braelin,06006bac27e86fca786c421407893ecb761925634c6318b1f0f9d0f4b6f7328e,7672065767,null
Ja,9bd2ef7a9ddbb22386f27f5f6885f8eeef6cdf57e96bbdef0f9e0421f1ec4654,9357656370,null
Shawndell,f2d81a260dea8a100dd517984e53c56a7523d96942a834b9cdc249bd4e8c7aa9,2107257485,null
Ronie,8c2a25260209b2db50e9d7c369876ddeeaebde2472a38426ca4907fbe4135921,2186403830,null
Jamisen,b9a365c4d2675d5fd8ec77672a2bc29474184c3805b550b987b630c83c200c9c,3871210656,null
Makell,a95dc4e899ac156e6e0b6666dd970c9959e0e4fd948177c263543b23492768ec,8477033000,null
Amori,47944637b32facc94c1c49b32202b63e23b6ea7f225baa1d89868b3ff32d4a1e,8650039642,null
Nuri,f3fe5a51a2be8c6dc715028858fcba82ee021be7687e4f95b45086b8ffb1a23f,6663368732,null
Caylan,e5263ae7e98c0b6e2a089017ef0d314d4c613f9377a6025bd73c852c8c25bfe0,9198110224,null
Tennessee,3b80d38f7686a8b5f8e61ad562ec069ac172732fb4dab946401f21a438669a4b,5983215947,null
Linell,b82c52985932456714a4cda67432a05795cbcf94b304c541773ec6ae9bf126f0,4156454014,null
Giani,d0784c6b1785dcd474688d46b1fe99792ff66f6b56bebf26dda0c08516bac22e,9260290950,null
Rudell,47798d12ae31ce5a6d9c9dddec7bc9f2a27fffa424b7f2a154fa0e26690972de,4817880719,null
Germany,9970626666560a32465d4ce10d28f3233365af833e15eed59884d9477862c379,8311230542,null
Johari,0a4ef253e3fef22cb9d3bc5280386f9f2d1cf351da6582d8254659d1b27ea0b3,1975852249,null
Lorrin,472bbe83616e93d3c09a79103ae47d8f71e3d35a966d6e8b22f743218d04171d,4468496772,null
Lenzie,657cd4d68c6a6e51740f32894b11446e720096f954c4faa6b7bdb708e4b8e215,7841464963,null
Carle,5f3d6952c5c5e22077fabf461de80f1ce475752fe75afcf5ca46bac438405619,7780691932,null
Cayle,e1fc45f7880e0505ff0b6a079b9af149f225e260f59b1d20225357a8cce8ffd8,3534270441,null
Bay,631ffa50b59a0051744dee00a0b9194d44b357cc91fc7595628a867c133f2102,4866632249,null
Ova,9d777935627a29c77604c57273520eb42635fd1847d2eeea1e7441fbaeb26253,9675084677,null
Cailen,3cc849279ba298b587a34cabaeffc5ecb3a044bbf97c516fab7ede9d1af77cfa,5496141714,null
Rhylan,744b93f9950fc38dad705556931ea48193b99dcb191cc9bd77097f65fbe2f0b8,3691471938,null
Zaylin,340d600392818df2413382dc7d8325c360d83ea49a262d31760348484bbc10b5,6653085112,null
Romelle,623210167553939c87ed8c5f2bfe0b3e0684e12c3a3dd2513613c4e67263b5a1,9553377730,null
Brownie,814e2ae0398348d9a87ff91c0372dcb76186ba2d2504b1235c8d5350bf52edda,9727484157,null
Grier,c49b876c05fd376922883ceaf5b7e7871ae4ae9f24e79958f3fc70efe114627d,7407078818,null
Vondell,b5ad121307b9c486471d1d2e45bbcfa70cf31125e2049c66f658bcf40016c84e,9508208152,null
Dannell,fda6cf2f920f4e1e9256f7019aad6debe21ef1337314fa8f0d6a3eb8f4aef494,7561832923,null
Aquarius,7aee5b5dbb9e781589946f9087eb09e4a880d57e5d52441daaf7d49f9c2e629f,3808168448,null
Lavoris,123fd666aa39d376690cfa6570426d3585c188b291bc87acf47b84e3fe822102,6913332207,null
Phenix,c6e7ed2709a89658fed4c20bd8bff13cc5ba65d61f0b94ef48391ff1e7ba448e,7082836110,null
Keylen,895d1ba9ca06739e53361d66a06042cdc037ef6d8db8056d38e3aca23c1c9644,5628480234,null
Cristan,ac13a8b534df4a28d0fbbbb64cff909b5b1e8faddb4e5ea57bb8a642ce998f66,3375971328,null
Daylyn,576c85c584f60555c2a024cbb99dfbbdb5f58c3bdcf28dbc8ea315fd46a388f3,2966941593,null
Riely,03bdd14ef87c5b28bc15ed0bebd48fa76451f7cce7e50a0131d2d0f151af55f3,1713293934,null
Rogue,2a09783b1c474294d122b82b93b01c3701bc9e4d65b3ae60da211a4121152a43,1366163270,null
Karem,b769a6983b42d565e79bb4f3f534623453f301d39784e57804a649a67ea05327,3991174658,null
Olamide,37bfdcb4c50793a6286fa0efe07b9e6bba8605b2c32e329fb9f71f225545f027,4890439058,null
Dawsyn,c06b0cfe0cc5e900c57784484094331f095bf441995c3c31ea6c75691c786c35,1792590543,null
Halsey,2e62c8d602ce51c37dd70f3dd64a5cefe9758a888a7dc1ceeb27f8291db67e74,2248057098,null
Samie,80537d65d479a2f986a78e859cc2bcaaf6a62f6df7a6ba2c5dd192cfcb2ff790,6857276331,null
Matisse,828febb7609afd5e728ec843df2d11f0b8cd2167d4af2af02eb354f8503850c2,6767957303,null
Dail,c0f1779c16d26bac92c4e32fe385d4214da39e7bd6f87aa7a4ce2bef8fb669ed,1372827576,null
Oluwaseun,379224b71a3cf4a8298f97090802a32132b92440b1f229d34d82ac2f66a6e80b,1727462469,null
Emanuelle,94dc354ccaa14e47b774467966de2b443e428ae8ed4849d4e423fb387463d9a0,8669626689,null
Harlyn,4b05ab7893e860443cbc0816f9f5db76de6e653519f3e91968ed56c813c6f439,2734076905,null
Lamari,a29445fd9c3c4830dc0c905230e80d97603bcf0c120ceae8bf9dd06a71729d85,6195732476,null
Schylar,b54a1af8b666f61c2dd5ae8f8a543133409fd28c3b78064c5db993bf2c8e77bc,8800119853,null
Kamori,a54e71f0e17f5aaf7946e66ab42cf3b1fd4e61d60581736c9f0eb1c3f794eb7c,1711183944,null
Kaydyn,934a11e602682e862b4b4d1f881ae8da1e097e3f6964bd780e5bb1fb798a6fdd,1141060056,null
Kimoni,8cc131a56ea5986fdf7dae19cba8e0c57991f5ae6d8c226bea1c9b5f32f77cf3,7571672426,null
Tian,e6deb10a6558650aebf4c4d95fc47c716dfb2da7350183c114041c19ae9bfcd3,4877349275,null
Alvia,1abe8f5aca6045c7844a07b0e09fb57039cb2c5923de729dfce9d07f28624971,2513746157,null
Skylan,665cb762e3bc03d078dea6bd624f49ac355ed3389d977f6e320792111961421d,8454862549,null
Ajai,b186ba1f53366ec267460b1543996b1b05b912d951c36bf6fb6ca0f145923555,4436533168,null
Tyjae,d38681074467c0bc147b17a9a12b9efa8cc10bcf545f5b0bccccf5a93c4a2b79,4038522744,null
Mc,81a83544cf93c245178cbc1620030f1123f435af867c79d87135983c52ab39d9,4395885438,null
Chae,9a13a9d1ca9254fbb69dc93472295b15d741742de15dfde64d4a2320e1e29200,1356385704,null
Climmie,01df2cc6fa6f8098a687eb5c5ad5f4186bffcd18f75f87fba9735daede10108c,9394709367,null
Kymari,917ebb3396b2ff2e27b75e3fe421b1edc07b998f74350472f3abc5c6620a68db,5594824547,null
Brittin,a78f19952edd18bf02b3c9eb704b088e2120941d6acb22f6f795c42796e60252,6055833244,null
Maven,ab1cb712f2dca756105160805501f4d6d8657d93d40b16eee4ecb5fd048d26eb,8682600599,null
Cheney,8c649a8f85f3d89d4eba2cf885e7f9273c9672b73eaf3ce43c5ea038ca648f0f,6390800086,null
Jaz,7aee5b5dbb9e781589946f9087eb09e4a880d57e5d52441daaf7d49f9c2e629f,5140397859,null
Malone,502913bfdd49eab564282dff101e6d167321237eeec66eedb2a438ed80fdeaa0,2496925271,null
Rashi,9409d68826fdb81945b7ffc4c8821e20da61464be2b738b910c834bd06eba39b,1973923247,null
Puneet,ab73d590e57e04c18fbe4c85a0983028927e8ba7b4cf74b0d076c52e979d4ef2,5139397524,null
Juda,e5d503d4582229c4c9abe250e49654765c885eb49bb49df7f1861bb79fc7346e,4174376147,null
Rane,b89dab808c585f889185b815fb5a704b2fcbcff4b2a32e03d584a6988d68784f,2815953804,null
Dezi,d2cb49216759f2d2666a702518a34da8d2a53a6fa042992d517bec6808c833dd,5439154750,null
Skiler,932f3c1b56257ce8539ac269d7aab42550dacf8818d075f0bdf1990562aae3ef,5336254410,null
Elya,90cc33a41b541af2c1964e3e10a46088cbdedf63031efaa35d588a698c91193f,7729079625,null
Rieley,05ac8744ffc3055bb3ec9c4abdf45bd9f1aa54fefae01b0e2d1a3ffc6beed516,3186415566,null
Tajai,cbc17ed4ed1a11325ad72a09d8176094bf9e6c4577819490f3b62f81084e83c9,8870388197,null
Da,1c8bfe8f801d79745c4631d09fff36c82aa37fc4cce4fc946683d7b336b63032,8869682555,null
Deshannon,cf0b854f5a17fdad773d462438d4d7328722b817d40a74ecb8d9ad79f98aa251,7163557592,null
Logyn,705db0603fd5431451dab1171b964b4bd575e2230f40f4c300d70df6e65f5f1c,8159619960,null
Wrigley,2bc0659381c5a5ea1421ba9bc04f34f13522e4ccc919f8ce51d4f1ff949d67bc,5831016189,null
Happy,a58e03220bf0a56686e193d23b60914a4b904184624a00a5608836d0400cd753,3363442513,null
Cyncere,993b97603778a944ff00c86775aeb4c852a6deae031dbee58206dc3ae1e3242c,5378956860,null
Callaway,54d5cb2d332dbdb4850293caae4559ce88b65163f1ea5d4e4b3ac49d772ded14,3045801992,null
Shell,c0f1779c16d26bac92c4e32fe385d4214da39e7bd6f87aa7a4ce2bef8fb669ed,1045562099,null
Fontaine,8c1cdb9cb4dbac6dbb6ebd118ec8f9523d22e4e4cb8cc9df5f7e1e499bba3c10,4546263216,null
Jung,b34cd4a97cfc6649655a00bfa9cd3fb3acb5f73e59498ee0475b4547db516131,2703352590,null
Dossie,180ca01b95f0dfdd36fbb600e51cf6e46c8ef468de56b017847886fefaf7b6f9,6184714477,null
Mayan,ec54e99514663edb97adef400fbf34a77daae108303d3da8008a7dfb4cdf0f52,1426527722,null
Odean,a04dbb0bda5f0e7879dd4459b9e0839f60d17e79908050bbf7a37ed6571c4191,3043480129,null
Baylin,cda3c373f19f1c5114f0f6ece4762cab9c78dd494191d19252e1ef5f4342a146,3859688903,null
Austine,203b70b5ae883932161bbd0bded9357e763e63afce98b16230be33f0b94c2cc5,1974232870,null
Cagney,8bb0cf6eb9b17d0f7d22b456f121257dc1254e1f01665370476383ea776df414,6386658050,null
Scotland,708e4b2a324e91922e63e65f519c6d206b0e9053654c853c65b45d09faa88368,9776366798,null
Cire,566f532d486c947709d3d0e6b7575af8380248db66dada211d58eb00ad585297,7273710964,null
Harvest,90cc33a41b541af2c1964e3e10a46088cbdedf63031efaa35d588a698c91193f,7630562473,null
Bless,8e71b24534e9f3fb3a71263359fed2b7ffb008265e0d34383e319f1b6f5c08f2,8242274088,null
Vegas,f748d0c7d58eaf6f47571c846fddce9528f64da78a49fbc1223af3891fbcb78d,4249607639,null
Rael,2d4795b5a4b00eb38d1a1db9a90ffd8c8ba2e407b4e51f4271c1e4821064b04b,5213366177,null
Mahari,92117ce11e98294a222704bdbaab68054e47de56740af058bdabd7d2135ac78f,9351664362,null
Perris,78fe3f05768ff3a95c74ffafe366cc3474022d925ad5593af733bf8ac1ab0de6,2325677917,null
Reilley,3a120dc1589bb2f0cb023b28ec75328be3fc5333ef0707285b31f47ad268dfd3,2640401386,null
Taygen,b0120ab459558f30fb7d0d98d4bd29a8131505f13eaa4b584ec91244d09cbde2,3563977137,null
Shey,fa1baeb8e6f5c28f26997f63cc08bf08ff2632a58a578b8b971dd24d5c7d7863,5678990784,null
Oluwatosin,ed5465b9220df9ce176d0bf30d6a317729bd9d37e4ae1cc015cb24c99af1df49,7395743392,null
Jemiah,33f7aa34db4177774e059cfceaf9d7f3021a427ac6ecc1eb7196bb93d0026ff3,7825151036,null
Oluwadamilola,41c991eb6a66242c0454191244278183ce58cf4a6bcd372f799e4b9cc01886af,7946183786,null
Markelle,e83664255c6963e962bb20f9fcfaad1b570ddf5da69f5444ed37e5260f3ef689,1315550408,null
Gianny,932f3c1b56257ce8539ac269d7aab42550dacf8818d075f0bdf1990562aae3ef,4348594804,null
Jlyn,ad505b0be8a49b89273e307106fa42133cbd804456724c5e7635bd953215d92a,3535525762,null
Jeris,d426ad2be55b9ef24dd8e4b446c28a2f969c761d50d8bd08836bdb9036c2dcee,2485482782,null
Jaki,1c467339c960a107ab9ee5ff63b38009797416c964f988b224710773cc38796a,3772594677,null
Raymie,9ff8476644903ba6cb3f90e79bf40b67133a95e44b39123a1d4caf800f216b6b,5223125378,null
Aldean,f6274d9892026fe47dd5f96f708ef8983dccc7bacf5ee4a90b2400805adaea0a,8449810992,null
Gal,0d05845a31cfa01390dee7a91fb7c8ee2590fcee7875fa9a80583e307f10e4f7,3583423993,null
Hudsyn,ca52e7d1c18961a8c5b3947a54e48fbf4ee70b66ea413cf7814f1c962631fd58,2125485256,null
Deone,01df2cc6fa6f8098a687eb5c5ad5f4186bffcd18f75f87fba9735daede10108c,3543737329,null
Deundra,d28eb5f7b4ab81491e6617a7fe0d9bac14ab6d12ed69f479ac6a93c29bd3df0d,2362199534,null
Nasiah,fd245a718d0d43fe4b5b017e0ef57dd55e65b8c982766530f4821738044af274,6131267940,null
Donyea,d618fb157a4b382e92fcd4a830c5fa8adef45a809543c524f7904e38f867dac8,3781300646,null
Shyler,46635b56d3c7f0b7bb26adae2a1692debbfd145d4a0986a9137fe91e73e70360,5307540262,null
Mattia,0d05845a31cfa01390dee7a91fb7c8ee2590fcee7875fa9a80583e307f10e4f7,9462095359,null
Navdeep,e1fc45f7880e0505ff0b6a079b9af149f225e260f59b1d20225357a8cce8ffd8,7943135668,null
Rameen,4e20613ec3a63732f98630b9429e1600d47a08f059496d39ffd353f0c3038f39,2475749946,null
Wai,b82c52985932456714a4cda67432a05795cbcf94b304c541773ec6ae9bf126f0,6920429747,null
Eh,07672b212369f416dc3505dcba04f379ff39de0d0db31536e57dae76486b5000,2111014101,null
Paxtyn,0b04bad57d3b2c6f3736b7cb584f403ecf625cc31c0ad21e19e05a537304e969,9182950396,null
Shaylon,b54a1af8b666f61c2dd5ae8f8a543133409fd28c3b78064c5db993bf2c8e77bc,7269168851,null
Kamoni,4d1d13fdfd973f8594e0e03d363f2239484ac1173e3e7223c1fb77d7dc2745eb,3120884549,null
Jadis,16a2dd3a872593902a1e39276f1800bdb42614ff16caa364938e35ed8d8326a9,5557619166,null
Avyn,8bd10698229d26627eb039ac20f4537b62c6687ccb2892590bc7a3691659e892,9627827986,null
Kitt,6bdf0b2dfc2e0221960849943e884b3d4c6baf7cd25286caee29b9737ab3a343,6022182581,null
Ebbie,ce1d801d152db837c0fc85ec31d69aba1a610d18a7759851d8cd07adaee9d8fd,9084632818,null
Amadi,cd879f74c6ffe6e4ae973145798ca26489fa2a61f7b29ac5fd816c0ad959511f,3176073822,null
Clary,fb12bb6e5802257873a301ccdfed71411543a6288cd453d5a5524821e970272f,9464417974,null
Nakota,057ba03d6c44104863dc7361fe4578965d1887360f90a0895882e58a6248fc86,4477621223,null
Jacquese,7d1a54127b222502f5b79b5fb0803061152a44f92b37e23c6527baf665d4da9a,9721268388,null
Gurnoor,9a13a9d1ca9254fbb69dc93472295b15d741742de15dfde64d4a2320e1e29200,9901386292,null
Brylin,9409d68826fdb81945b7ffc4c8821e20da61464be2b738b910c834bd06eba39b,6775246560,null
Kippy,d86dc6e60b0632e30f2a78abe922c238e913dd5c74f76df6dc935f1ec73a5df6,9447530151,null
Sevyn,275bcac22ab23752c3a873cafcf06ec4433ba1d67c23f3c68819cd36235a0f0e,6822056509,null
Oluwaseyi,6cb09fe72a3471a776f9dbb8509fa5befe73e878f23dd71be79d24ec90c1b9db,4562134271,null
Blaike,1db0046b8b195ee7f40e37963486baf6ed774f803e32049da6956eea3abf532c,2865326986,null
Tagen,d28eb5f7b4ab81491e6617a7fe0d9bac14ab6d12ed69f479ac6a93c29bd3df0d,4416367963,null
Taite,b4e6bf0156a0ef1c6427f9b2f82654757c7bce8327a9bf2f6afe83b8a5254067,1432867966,null
Dorsie,2daf0e6c79009f9234ed9baa5bb930898e2847810617e118518d88e4d3140a2e,2685891866,null
Jolly,3cc849279ba298b587a34cabaeffc5ecb3a044bbf97c516fab7ede9d1af77cfa,3870341763,null
Yi,c604dabc9591840978d2585238a908898b22e3337b207dc722ae208eb204c291,7312171698,null
Dustine,23b5ed29a1e8409f70644e44faebae79ae687318efd719d9af29f8496b016a81,5736404925,null
Brae,308738b8195da46d65c96f4ee3909032e27c818d8a079bccb5a1ef62e8daaa45,3124435549,null
Almer,ab91a82d14cfc6125c1a40e6920a4cd3fcc3e2f9940347175b06367845a9bcbc,4295532875,null
Zaelyn,b3d4cd641cbb8123b7e269854e9fccde3a3722e891a1d1e90a51768b3000eafe,9894839356,null
Hero,cdf30c6b345276278bedc7bcedd9d5582f5b8e0c1dd858f46ef4ea231f92731d,8845388442,null
Brennyn,b01774366b2bea90002f784f533085eb3dd6eeb2fc85cbc778c76ef96769715e,2059630923,null
Coren,c94bb5f268d814b7ebe7ea96321013e23ce47e48cb418302a60f2d231519437d,1638772039,null
Sher,04e8e027a3946f3fe22bb077c400154afe7e4f5e70c133bfbd9c3f5b0ea4d0d6,5235616556,null
Geral,d7697570462f7562b83e81258de0f1e41832e98072e44c36ec8efec46786e24e,5678992139,null
Aalijah,20ee235b5de5b36244da6f9aa1cbdd032a90867ba92276ccc8c38c0d0d57fcec,6189883534,null
Yanis,cfae26288bd82e1a97669b7720470cf394e87b0e53bdd7e584055805cc63001f,3679267864,null
Rhythm,afffe7625f4a57162381b7ee4488cfbc48e8c26126d46cdbd18a20ea36398994,1791099969,null
Manjot,196c562cb5e78e8cb10c66466868ca8b40ad7b029d8ecef850b717cebe055eb5,7848551724,null
Airen,23ddda4810068cc44360dffd31b6c5a9ad13fb9e6a69c9354a5d1b07f1b9843f,2641587701,null
Giavonni,c73c3a07b644b026251aa655331eee0394bea4e7bb1d5f019bfbcbeeb13e0f83,3252293832,null
Xan,62708057fa8cb45202db7af23362156934cbc08237057fcfac8d4cad610f5c8e,8299366815,null
Tahjae,2481a63c85a62cf889d2b149f1a52e985a9341750173fe01eff50cc27b5941b5,8989711379,null
Skyeler,4d1d13fdfd973f8594e0e03d363f2239484ac1173e3e7223c1fb77d7dc2745eb,6550231009,null
Kmari,ef51306214d9a6361ee1d5b452e6d2bb70dc7ebb85bf9e02c3d4747fb57d6bec,4675473327,null
Taje,de0de82ac6a33803004cdc6d74a8a99cd379a5e05cd9e8aa164c456d1b1b6158,5281832686,null
Elis,c81ce2684a7b8d8738cd9a978e5e1acc846eca4b92686420bc1e641d287c4e80,6991465847,null
Temiloluwa,d16f06fe255d801e0639b8d749b815ea9e788af7b9ceba2b773c1dbc8f080442,2449538688,null
Reise,b89dab808c585f889185b815fb5a704b2fcbcff4b2a32e03d584a6988d68784f,3564264765,null
Oriel,e75dfc45e696576babdebced53338142cb413994f18024752ab1dfe24676751b,5692639144,null
Kamarri,3d14c2d4e4ced81e459e4ace7c01466a700000fb94a3bbe944a55fb92693e879,4896067391,null
Romey,466d1a9cc50f04d4f75efd2876bb4ea27dcd701ade74095ee3c361f5da5b42f0,2601853102,null
Maciah,8c74299e1cce9e204e62f50196cda0d761e29e0b19307cc4afa31a7e61e92fdc,4979882442,null
Jerris,e501c35bdff69476d8bf5b4234b27d1fc70d566353a054d2bafb3f9e0bfab66b,4419118095,null
Meko,62708057fa8cb45202db7af23362156934cbc08237057fcfac8d4cad610f5c8e,5065168871,null
Aimar,06a1d8bf7fc210de23d9540ab35744ae9db310afa0afbabe9529333e175a850f,8779465598,null
Kehinde,27cc6994fc1c01ce6659c6bddca9b69c4c6a9418065e612c69d110b3f7b11f8a,7276430002,null
Ashtan,77c669164c377e39f7854d786c26b0b785d7b8ba2e1a43db978baeed24536a24,1660059025,null
Oreoluwa,0323eeb8b2e7c8900df1fadcf87b06f40d9c6d1f57aeb95d30f7d6e3abc7f2ec,2024650942,null
Kairee,d16f06fe255d801e0639b8d749b815ea9e788af7b9ceba2b773c1dbc8f080442,2944075946,null
Leotha,c0f1779c16d26bac92c4e32fe385d4214da39e7bd6f87aa7a4ce2bef8fb669ed,8083974421,null
Jaylenn,3f29e1b2b05f8371595dc761fed8e8b37544b38d56dfce81a551b46c82f2f56b,3821535399,null
Celester,f6274d9892026fe47dd5f96f708ef8983dccc7bacf5ee4a90b2400805adaea0a,2108818283,null
Zekiah,b79ea17b7c5ca8fe9cccd8cdba6e8f8ed0b3c948f9f709ed0f47d2fd47fcba82,8262659431,null
Tarrin,88b1cca59060320e5e5662a7da636884eb7580f4dc7e22cfb6f88b8f99045a71,9829064642,null
Jerzy,aeebad4a796fcc2e15dc4c6061b45ed9b373f26adfc798ca7d2d8cc58182718e,1855194985,null
Nike,cc0b8a95a883bc0b5f64a536de42349e0ce0673918a3c446255ddc8354887140,2940559524,null
Domnique,811eb81b9d11d65a36c53c3ebdb738ee303403cb79d781ccf4b40764e0a9d12a,7480344274,null
Maitland,74dd730b5c36c1cb4fdbb4bce1764c57f260190f94ba52d877308332f1dfe363,2066365326,null
Jaydence,07672b212369f416dc3505dcba04f379ff39de0d0db31536e57dae76486b5000,5105390374,null
Kayton,1f3ce40415a2081fa3eee75fc39fff8e56c22270d1a978a7249b592dcebd20b4,5501381548,null
Jourdin,b79ea17b7c5ca8fe9cccd8cdba6e8f8ed0b3c948f9f709ed0f47d2fd47fcba82,1341428273,null
Navjot,e2284dc3b5535645288cde2bad818404be728fb8c9f70b055c0b52023b0ff0a0,9755570632,null
Casy,635450503029fc2484f1d7eb80da8e25bdc1770e1dd14710c592c8929ba37ee9,8088043639,null
Staley,04e8e027a3946f3fe22bb077c400154afe7e4f5e70c133bfbd9c3f5b0ea4d0d6,3638475676,null
Maxi,e8032604447171cc6e65cfb98ff38ccbf9f5f9113e0cb63060533ed86ad0032e,8643745607,null
Jamoni,9f86d081884c7d659a2feaa0c55ad015a3bf4f1b2b0b822cd15d6c15b0f00a08,2003066122,null
Jasmon,3cc849279ba298b587a34cabaeffc5ecb3a044bbf97c516fab7ede9d1af77cfa,2160141702,null
Mell,69f7f7a7f8bca9970fa6f9c0b8dad06901d3ef23fd599d3213aa5eee5621c3e3,7057126247,null
Ziyan,49eff747f7b66f70133bfe00aa8ac2d6b0fbee5be80e52537b0163f147d20418,8015043103,null
Keatyn,a8618937133ce1a3c3dc28f9cd7e1e7fb3dee4d57ccc708c721a1952465f5d7f,4477950656,null
Jaree,73704b531ac77d446ab4f8aee0a09acef8c67171ba24a1693e2af36ca7cacabf,2988432731,null
Day,9409d68826fdb81945b7ffc4c8821e20da61464be2b738b910c834bd06eba39b,8494407099,null
Posey,a57a07cb258093b2a6b4ff7819bfe31cb4666d030cd9f86aba875e18caf328d3,8987510560,null
Nemiah,d979885447a413abb6d606a5d0f45c3b7809e6fde2c83f0df3426f1fc9bfed97,7780634890,null
Lyrick,0ffe1abd1a08215353c233d6e009613e95eec4253832a761af28ff37ac5a150c,6874521977,null
Jahni,2413fb3709b05939f04cf2e92f7d0897fc2596f9ad0b8a9ea855c7bfebaae892,2779157303,null
Aijalon,054da1e8bc1cb20b4504d603ca6154d353cedb698909503733343bb3f22161c1,8178546316,null
Oddie,06006bac27e86fca786c421407893ecb761925634c6318b1f0f9d0f4b6f7328e,2073425069,null
Zaide,714b74b9fd79bf335839a273ce69ae2e28f7ab92dda4dd803f713f80d712f0ab,7997684897,null
Shamell,5f3d6952c5c5e22077fabf461de80f1ce475752fe75afcf5ca46bac438405619,2735676214,null
Cailan,8e6740a5526b00be54e28489b7afe9d9aabf53ea1a1a4612faf2516fd27aa3b8,5056675949,null
Zarin,2481a63c85a62cf889d2b149f1a52e985a9341750173fe01eff50cc27b5941b5,8278241610,null
Keymani,b4def8217cadae26d4da633fd2a4e58e326cbb5d570afdc3989484da07af3579,4975903358,null
Preet,cbbcacaf0d582e760874a68b44c572218102a1d24fa262b00dc7f090c7257302,5224647097,null
Ekam,5d2d3ceb7abe552344276d47d36a8175b7aeb250a9bf0bf00e850cd23ecf2e43,6312500129,null
Kayler,d24259be13407e0d132337bd8398ee9aaff43a249c38d0bf222429f311c9c939,6444804382,null
Elim,c8c97cdd252556bc893ccba057aa851597ee6a6786cf71e599c2b5d4e8558fd0,2811740517,null
Jeryn,f15c16b99f82d8201767d3a841ff40849c8a1b812ffbfd2e393d2b6aa6682a6e,8777115835,null
Olanda,d64debd942d7dc26a851231583b1721f43ea936fa41932b6dad7556e5f8cd24a,6553436126,null
Harbor,d2653ff7cbb2d8ff129ac27ef5781ce68b2558c41a74af1f2ddca635cbeef07d,9115894405,null
Oluwanifemi,1532e76dbe9d43d0dea98c331ca5ae8a65c5e8e8b99d3e2a42ae989356f6242a,3997456851,null
Cledith,b0120ab459558f30fb7d0d98d4bd29a8131505f13eaa4b584ec91244d09cbde2,9120687807,null
Mishawn,c812b846bd8b54cfdf715ff2627b263a70e25cc7039e6385c0c93d2b77bdb6d4,6508481209,null
Dae,5a9d9dcefb56e593cbb6c58eb83a5a112d277053dacf9ffef31449c48bc578bd,6002034036,null
Kenyatte,2632ec06e2c2e54a52245ffd9e5af1cb65b21a4cdb031d4e11383719cf8c0ca4,6186798128,null
Dai,806956355a14acbf0e5b8a937c4969de8497a467a4444f6824d52354f9ab6de8,2660873970,null
Mekiah,3a7bd3e2360a3d29eea436fcfb7e44c735d117c42d1c1835420b6b9942dd4f1b,7170908785,null
Vernis,f6274d9892026fe47dd5f96f708ef8983dccc7bacf5ee4a90b2400805adaea0a,5694003730,null
Jianni,6d1c5859550824d403d8c31af9ac673b7ba206e6f87e61e096a017299f74d63f,9415476951,null
Kamali,bb3a12a527b1614ae117b8bcc0ae5ee6076837386e7018173895a2b53e83759d,7583255339,null
Kellis,c9564c5bb75297ec0dcfcae08a68c2e9e7bb9aae9e8639b0b6d93e02666903f0,7735416841,null
Asheton,4a9ca4596692e94f9d2912b06a0d007564a22ee750339a6021c2392149b25d6d,8277423266,null
Raedyn,91246e60ed7dc0330ab443434feba9e5aec9a0f2de5dec0f7575fd2a3caaa421,4033700315,null
Yardley,9e69e7e29351ad837503c44a5971edebc9b7e6d8601c89c284b1b59bf37afa80,6831004593,null
Donyel,ac13a8b534df4a28d0fbbbb64cff909b5b1e8faddb4e5ea57bb8a642ce998f66,7756318542,null
Zell,03a8f0dd8edb33781a836ac497800b5f9c5c47c2ddbfd0f89581140589725a85,9539694960,null
Tyjai,45d7c42cb65265ae97c298d439c18e5293d6615a66627b382d04491113afd794,2895647007,null
Eldean,6161b0a284159565a0f7d5df2dd2698b5f87906cd91ff5322caf179b451f5a41,7396269787,null
Donne,f6f7e983afc59354c91673d637c22072ec68f710794f899ae7472dff7b7508e4,8545107729,null
Agam,46d86146774497af0aa4959c0777932a52de8b79f6babec58d58a4a0d8d5d68e,1370714403,null
Myan,78fe3f05768ff3a95c74ffafe366cc3474022d925ad5593af733bf8ac1ab0de6,7959208232,null
Kele,b6f8d434a847fb0f0c1a8d9b936b8ca952e224f205a55f4ba9b2c20f88fdc9e7,4334180436,null
Skylen,ad1d0a33d1475e29c577be23e29fdf19e1df3663b7c7ed77272bcf3289f1595e,5740735110,null
Shadee,525eca1d5089dbdcbb6700d910c5e0bc23fbaa23ee026c0e224c2b45490e5f29,5008527607,null
Connelly,20f645c703944a0027acf6fad92ec465247842450605c5406b50676ff0dcd5ea,7192069555,null
Harlo,9da70176374d9904885d9ac0f269770a68748ecfdff56dbbae7af768d614dbb4,3032954207,null
Arrin,96d9632f363564cc3032521409cf22a852f2032eec099ed5967c0d000cec607a,8534607247,null
Quanta,61be55a8e2f6b4e172338bddf184d6dbee29c98853e0a0485ecee7f27b9af0b4,9296939916,null
Caylor,82d3042b941378bc994b8c2596fa69e4370bd2cb5400c4c043c996dc197fda7c,5732687366,null
Gaylin,95d9daee3b0998effd79f11fe4509bc010931002ee4e2ee0b736de1f8a6ae7f7,2765547009,null
Soua,83ed5207a41179600b50c409a460cfc229c60cb91bf06480d705c923c864e501,3844794131,null
Darly,ff1b4a27562d8ffc821b4d7368818ad7c759cfc2068b7adf0d2712315d67359a,6565986467,null
Yoltzin,8c5c04391361cbf4afd74c5ed8101ea4af881c4ee3b3df1d5b3716a19b1a834d,9729910942,null
Zohar,3bb68de60f56156655a2a70e606892edda3e2f2fc57b482bfe3ef1c5263db5b6,1705220969,null
Yarden,cbfad02f9ed2a8d1e08d8f74f5303e9eb93637d47f82ab6f1c15871cf8dd0481,9407370545,null
Erian,80f189984e5ca70287d13342f6daa0db45cba3c131c4e46dc81360f3a4c4f690,9396183805,null
Jermany,7d1a54127b222502f5b79b5fb0803061152a44f92b37e23c6527baf665d4da9a,8885512981,null
Currie,1a79668eac4051a9128b81c116007d1b41ce17828d7722afc9746699f4e817b8,6664335034,null
Mechel,340d600392818df2413382dc7d8325c360d83ea49a262d31760348484bbc10b5,3782397738,null
Camauri,d86dc6e60b0632e30f2a78abe922c238e913dd5c74f76df6dc935f1ec73a5df6,1327020619,null
Siah,9f45aa99ad9ab5c822155c4a44f9d64d010faeaea76468a939d2d4f046e340bd,2645452936,null
Lakoda,715dc8493c36579a5b116995100f635e3572fdf8703e708ef1a08d943b36774e,1228888444,null
Demarie,888df25ae35772424a560c7152a1de794440e0ea5cfee62828333a456a506e05,3072989295,null
Rumi,48deb732e8de8fe7995bbc2816520798fcab815f62165af4d53bbc24434c963e,9274262207,null
Raeden,dd130a849d7b29e5541b05d2f7f86a4acd4f1ec598c1c9438783f56bc4f0ff80,6641922630,null
Senai,e0bc60c82713f64ef8a57c0c40d02ce24fd0141d5cc3086259c19b1e62a62bea,2424706507,null
Kindred,9c6d405bba2db24bfbd22fc7ff74b39bd9c5e9c6ce66299c6519be517e6ed7c6,4655499258,null
Deondrea,da454b02b4700b1f5dc5f9de972a531934ccb666cd00ed832fe6a36ece8b9ec3,8347250562,null
Babe,e512a05583448f44790783f986b1f36925c8cfc42338ca0e1caa637755bd15ae,8788031486,null
March,5e884898da28047151d0e56f8dc6292773603d0d6aabbdd62a11ef721d1542d8,3980815758,null
Maddyx,8548d75fcb3a2a275a1ba868a36f6a26e528f16b07aa7d8006616ad090a9b349,4186266516,null
Jorryn,73ecb4b9d82c620a68d517119881d21eaaf808307da44ea47836893e551f9d51,3686977332,null
Adisa,7a850e85feb9d33611aec64e220b6ddf3ca574d06f7f91ebc415d23e0672b3f2,4215767387,null
Wen,4b05ab7893e860443cbc0816f9f5db76de6e653519f3e91968ed56c813c6f439,8569987848,null
Audi,1855f8fe0e94e2f8a0b09707b3159acc0be5a9f6bb1b8fc0c2e75b662398e050,7341510528,null
Shaquel,248b57c5cabbc9944d169d10bc4959a042d0bb81ab6cfc9166f40a9d0f0fd614,1433204564,null
Michiah,c0f1779c16d26bac92c4e32fe385d4214da39e7bd6f87aa7a4ce2bef8fb669ed,4642594330,null
Chandlar,930a68a51a2db950f58fd3b0b5f1d76f56afaa16e12a418d71ca6c25f2390424,5776894468,null
Moe,096e8bbb8f1e3eeeebda20037edf9eef0b2631ba37d46394e99d968784bdc1fc,6765582616,null
Arieon,5146ade2f3cf7a7517c161dfe47aae05bef44ca3cb63ba31a701268f49289018,6619026845,null
Yarnell,bc98bb50e8094b2ac3ceb90ba2512587c0513cd294a07efcfdcf467198da6266,7117674070,null
Ayo,5994471abb01112afcc18159f6cc74b4f511b99806da59b3caf5a9c173cacfc5,5564692484,null
Chey,1b4c9133da73a711322404314402765ab0d23fd362a167d6f0c65bb215113d94,5682409372,null
Clemence,c507a68f3093e885765257ed3f176c757aaf62bb4cbc2ef94b2e7da3406d9676,4129652870,null
Ajene,45d7c42cb65265ae97c298d439c18e5293d6615a66627b382d04491113afd794,4694351596,null
Tkai,968e2d5b08687bf42997461cbdef6c844eabbf04f440cee888c95b864c2a4bcc,3476771045,null
Lawan,2780b8eef998d6eaca5dbfe00e4043e626c79bc214195e1848af17a85d51519c,9242837246,null
Zannie,dd5a13788c80cf1003e233f8ffdd541705121742e922aee2d2214ba877bc3551,7108817612,null
Denym,9d777935627a29c77604c57273520eb42635fd1847d2eeea1e7441fbaeb26253,7973998109,null
Sayre,5292f27501324087b9dcd65408163e58c921009fc8a85c1b7782823a934cf6c7,8100603378,null
Kamarii,0e8212763bcaca61dba6bded61998f8cc097b441aab71edbc4a78cb61ffdfaca,3807685366,null
Tavi,13a465fc6616da8d2afacaf00a8276aa841662820f9337de127f815ee71cc55d,5452563426,null
Kymoni,f41f2c785e15ca0c3fa8776852d7dec9166e163011bf41d9f40ad67b8e93cc5f,2064687139,null
Zaiah,4748d4c802a775e8db9a23ec58f0986cacdc5d2d3356d22c490a7d22331ff133,1750612953,null
Amaurie,6bdf0b2dfc2e0221960849943e884b3d4c6baf7cd25286caee29b9737ab3a343,3733982584,null
Paiden,4f32044a655f32e8528edea64dbfd11cba810b8790e6e6e23d28ad3a75980734,5546235311,null
Aamari,0109df3bfbae1a4b6b6de4d96a49b95be66cc1915a621bb6fd576d6b6cca7741,9744371392,null
Tris,73740548d223792c35f0e1df5a5c543221786947281313a06fcf872af283816e,4763456855,null
Rorey,502913bfdd49eab564282dff101e6d167321237eeec66eedb2a438ed80fdeaa0,3221194087,null
Meiko,52c8e02987ccb1b0eef9c7c966aebf03c92a159aafda37fbcf03f4838dbcd48d,5350934561,null
Asuncion,2e4b9cc2428beb7bff6a56c14d7304e472a23e890e91ef0a6b0b0380e89f9734,2972337106,null
Jodey,972964b66bdfe6b5b181c5112a6a0470204f64661ee7e3efb9aab0ce3cc403ff,3211580174,null
Declyn,14272bd361c9990628cab4ecf17f28120b2a40655560992b18c7a4a5c3372417,4523097696,null
Camil,3d14c2d4e4ced81e459e4ace7c01466a700000fb94a3bbe944a55fb92693e879,4889392809,null
Oluwademilade,e49034cf4bc9e985c70adf434617679084e33541f726c1561825edba7755fb87,1355713760,null
Duanne,a1e48daec54145146b89d816a089ba3294d2748796b8491e9a719d54d2ca0b8a,8777634925,null
Rudie,59d2c86f6f27c1744195cb2ef0bb809fe9b51c7fad22aa3ae9287f1e508705e9,2469772809,null
Lauris,7a850e85feb9d33611aec64e220b6ddf3ca574d06f7f91ebc415d23e0672b3f2,3551934860,null
Child,beaafa510bcc774b1be0c7f3fbb033017cd97f2c73455ec2d7747c2e993759b5,7709855021,null
Jaydeen,1938caca1799f070c8e34224c3b0425271db986df387612175d5234d88dc5729,9877549937,null
Kery,340d600392818df2413382dc7d8325c360d83ea49a262d31760348484bbc10b5,7697454183,null
Nesta,396ce936e73c0cd7e270f1a827dc8d5e6cb11385e20e3bfc1d0ea623c135de3e,4370477891,null
Merrit,b68823eded0bc9c7f3317d601ac24f6ac563895cee8e5a2bd2ca475906fe2615,2609612271,null
Ermal,619a2ccf126ce837dc7cd3bdb4d7f44280a0ea4f721e5a738f859aa19d52a78f,1794219002,null
Kaisyn,12e90b8e74f20fc0a7274cff9fcbae14592db12292757f1ea0d7503d30799fd2,6727340238,null
Neziah,e9cee71ab932fde863338d08be4de9dfe39ea049bdafb342ce659ec5450b69ae,8922848215,null
Lattie,b41e6560a4467aa44f85d4dc8eebe1db4a65fa8eac469ae9198d022c960ea295,3496325097,null
Nyaire,993b97603778a944ff00c86775aeb4c852a6deae031dbee58206dc3ae1e3242c,5600474279,null
Damarie,0f4168490e38b8447e11ba4bd656aa11b925bd22af30bac464bc153fdb608501,1738263698,null
Murle,e2d279cba45ada22aa30991a04f8fcc7280c7250dcf6454a41e348de6d4627b1,3022633404,null
Sekai,6ae95ca5f8098007fc09f75761e85d4d1f6c9dc16e3f1679de4196127b0387b7,9874229172,null
Merion,826d351f4fc913a4377c90a658119bc57a5bb231f21ce6f71fef7c262d9b2f97,7810642419,null
Danyl,d22f115abd6b44f9985037cfb39d6e1ab2db87a470d3e1081196562d420b8e41,6216279273,null
Areon,6061913f881d4dca9a230e3e86a75a412cf26487501a9e6a25873dcfde6d5dcc,4116318611,null
Seville,a29445fd9c3c4830dc0c905230e80d97603bcf0c120ceae8bf9dd06a71729d85,7837338686,null
Freddi,739e72f2db16302b3d58893083364d942bd22727938b316be2ae6c5a12b342fc,4687615521,null
Ruari,4378c5895e7ade691792a8bbed89dbfcbea257a8949a3b1132a875e67aa45583,8782242388,null
Rayen,467b1b85a0ee941df09ab955dcb561d51bcae760fbec8d0ec154c05528c9cb51,4554158778,null
Kadian,94c41436f038313595af6897442afcc442ebec2c31803cb8fb88765258a52f85,4829562633,null
Brookes,78fe3f05768ff3a95c74ffafe366cc3474022d925ad5593af733bf8ac1ab0de6,8418560472,null
Rilley,ab1cb712f2dca756105160805501f4d6d8657d93d40b16eee4ecb5fd048d26eb,6020530700,null
Gaynor,09c587fb282c3423f0867eb10c37a6fd4e3a157865efbf7bccfd51621e9940c1,9853702648,null
Sopheap,62708057fa8cb45202db7af23362156934cbc08237057fcfac8d4cad610f5c8e,6598775759,null
Oluwatomisin,ba4788b226aa8dc2e6dc74248bb9f618cfa8c959e0c26c147be48f6839a0b088,3085167011,null
Shayde,8d7d5397f8842b4181d38bc57b85b9ff1860456f92872c43f991a904c45062d5,7083097124,null
Altair,234d6d31ecb9d31204f97fa13cf7c5af2dd45a1bdb862311e3ac259e98e8f796,1798192439,null
Jayel,dbc4a04327176e6577b4da46df04564150053960eba5d89587dad1f76a818d80,3777760203,null
Foye,828febb7609afd5e728ec843df2d11f0b8cd2167d4af2af02eb354f8503850c2,4321007310,null
Lovelle,c2afdd38565b01f278bc8a5513cd8354840fec53de25dd45af4d23d6939abe8a,8495277198,null
Jasmond,ab73d590e57e04c18fbe4c85a0983028927e8ba7b4cf74b0d076c52e979d4ef2,7059713421,null
Larin,4221a0fc3dfbfd830dc3a13f6c72d233781179bea27df532ff903f3abdba5586,2281918774,null
Malijah,b7395530e4ed55cb6a5376ee8481f603d18679ce4c53b87b1146a9edc11fce1e,2435243632,null
Brenn,c4cf94e75b6067e81d73250448a38c1030abfdd4b801a5b2e02559b2adddcbe9,3097605017,null
Maziah,472bbe83616e93d3c09a79103ae47d8f71e3d35a966d6e8b22f743218d04171d,8454204049,null
Chapel,6d5ef1fdb68c5ab10b7c90f1796f711153c1134f75c778280bc67b1bf1d3e21c,7865462689,null
Linnell,ab0f4de8e463ff02f4ae998522219ee95ca1f6b41140c4ab06c273a689eeeab7,3409833930,null
Tahje,b5ad121307b9c486471d1d2e45bbcfa70cf31125e2049c66f658bcf40016c84e,4666920117,null
Peyson,a78ae4b4d2e8c1e7b6ef20f163cc194f5979d7db1a9b4b9806bffc5ee959b130,6624797513,null
Jacquise,1938caca1799f070c8e34224c3b0425271db986df387612175d5234d88dc5729,1441981638,null
Rease,23b5ed29a1e8409f70644e44faebae79ae687318efd719d9af29f8496b016a81,2067917023,null
Breslin,b4e6bf0156a0ef1c6427f9b2f82654757c7bce8327a9bf2f6afe83b8a5254067,2620851845,null
Remmy,4dea5c7cb70f50322ec9d734aa4aa078be9227c05251e18991c596f387552370,7614600882,null
Sukhman,d334cb97f2f6f07cabbfad0b2d87d6195110f1cd811cc1d618167c7b0fd87594,8423704464,null
Atari,a7be8e1fe282a37cd666e0632b17d933fa13f21addf4798fc0455bc166e2488c,2930934552,null
Shaquelle,cd879f74c6ffe6e4ae973145798ca26489fa2a61f7b29ac5fd816c0ad959511f,2545627355,null
Brighten,85738f8f9a7f1b04b5329c590ebcb9e425925c6d0984089c43a022de4f19c281,5059100402,null
Jaton,2144a56f77286d0cb5648501a27b5aba1bf662b955435cbd756779b5c8b83d8f,6384100123,null
Jahdai,8879addeb18c6b29e8b89960f3310224792fbe08e955aabc3956bd4f29f1bc72,6676948194,null
Deovion,fe384adb7e67d54e973c65b0174e3de5d8288e483958da561d39c98ddb1cc5d4,8954897320,null
Maui,28f6155150517676afdef5e125740b054ca6e8e3655fcfc4d294ecd240654392,4067749772,null
Ronne,69f7f7a7f8bca9970fa6f9c0b8dad06901d3ef23fd599d3213aa5eee5621c3e3,2974657142,null
Sehaj,7349a876ddf6f1d6fb44146e0d1a826c9fabfcf8e96b48d0619d1c83cc6ad6bf,7677334382,null
Tagan,059a00192592d5444bc0caad7203f98b506332e2cf7abb35d684ea9bf7c18f08,8705379648,null
Luvern,7d1a54127b222502f5b79b5fb0803061152a44f92b37e23c6527baf665d4da9a,6130267375,null
Lyan,346793476af7c0a55cfa62abc42b77c3fd87086b08fe6fdd628bfdda4e1d7cab,5643197634,null
Peniel,68be7550846ecd878947b4eb0ac13d3cca3cf6c4940c94d90163e0a15e947203,1133863127,null
Ryin,79f06f8fde333461739f220090a23cb2a79f6d714bee100d0e4b4af249294619,3432553098,null
Skylur,c0a4942143e872cd1ae29fc759e04526de2e909ac1732734d38550a29c2e2516,5744237013,null
Skylier,ab91a82d14cfc6125c1a40e6920a4cd3fcc3e2f9940347175b06367845a9bcbc,2562006346,null
Oluwadarasimi,9c6d405bba2db24bfbd22fc7ff74b39bd9c5e9c6ce66299c6519be517e6ed7c6,1985917168,null
Psalm,4cc8f4d609b717356701c57a03e737e5ac8fe885da8c7163d3de47e01849c635,9013015640,null
Aidynn,01df2cc6fa6f8098a687eb5c5ad5f4186bffcd18f75f87fba9735daede10108c,4378293675,null
Juliani,01df2cc6fa6f8098a687eb5c5ad5f4186bffcd18f75f87fba9735daede10108c,7593209212,null
uberguest,5e884898da28047151d0e56f8dc6292773603d0d6aabbdd62a11ef721d1542d8,5051239202,null